{
  "type" : "FeatureCollection",
  "features" : [{"type":"Feature","id":1,"geometry":{"type":"Polygon","coordinates":[[[-122.23628999932154,49.10846999996371],[-122.25182247130546,49.108487173665274],[-122.26735495477133,49.108501940597613],[-122.2828874479887,49.108514300757868],[-122.29841994922701,49.108524254143745],[-122.31395245675593,49.108531800753383],[-122.32948496884487,49.108536940585381],[-122.34501748376343,49.108539673638774],[-122.36054999978109,49.108539999912985],[-122.38140999943174,49.107399999904906],[-122.4017100002101,49.10403999977266],[-122.42088000010366,49.098540000282519],[-122.43840999926462,49.091059999787092],[-122.45382999971224,49.081789999268466],[-122.4667100004049,49.070989999572902],[-122.47670000010969,49.058949999960795],[-122.4835400001453,49.045999999392492],[-122.48669999953881,49.032479999618921],[-122.50371256931619,49.032424337275195],[-122.52072509418846,49.032365783192311],[-122.53773757188209,49.032304337383493],[-122.55475000012352,49.032239999862583],[-122.55474999983811,49.002280000558066],[-122.53985000026469,49.002289999798165],[-122.52376000075282,49.002299999861883],[-122.51510999975361,49.002300000156538],[-122.49695999973494,49.002310000266476],[-122.47626000021422,49.002320000316068],[-122.45721000695201,49.002336813825025],[-122.43816000049023,49.00234999926321],[-122.42656999938502,49.002360000123595],[-122.40489999989721,49.002360000188446],[-122.38289000067483,49.002370000248987],[-122.36084999935154,49.002379999845409],[-122.33843999982857,49.002390000467344],[-122.31921000022795,49.002390000165356],[-122.29349000014631,49.00240000051479],[-122.27006000069761,49.002410000212819],[-122.2629887897422,49.002414267971325],[-122.25183679838052,49.002430654652848],[-122.23333339207866,49.002441959095492],[-122.230811091333,49.002441960254892],[-122.21577718634022,49.002450463802155],[-122.20124058133443,49.002447866567614],[-122.18684884113337,49.002445605648461],[-122.18290000004652,49.021519999293709],[-122.18435000048706,49.040779999573196],[-122.19063000001306,49.059609999724969],[-122.19609886678091,49.068565033898956],[-122.2015699991821,49.077520000609248],[-122.20922354120856,49.08575519507292],[-122.21687999996782,49.09398999997952],[-122.22658337361651,49.101230394464686],[-122.23628999932154,49.10846999996371]]]},"properties":{"OBJECTID":1,"name":"Abbotsford, BC [CZ] Class C SFC to 4500ft (4300ft AAE)","nameHtml":"Abbotsford, BC [CZ]\u003cbr\u003eClass C\u003cbr\u003eSFC to 4500ft (4300ft AAE)","nameFr":"Abbotsford, Colombie-Britannique [CZ]  Classe C  SFC à 4 500 pieds (4 300 pieds AAE)","nameFrHtml":"Abbotsford, Colombie-Britannique [CZ]\u003cbr\u003e Classe C\u003cbr\u003e SFC à 4 500 pieds (4 300 pieds AAE)","reference":"Control Zone Transponder Required CDAH section: 3.1.4-3 Note: The Abbotsford CZ also contains a portion south of the Can/USA boundary that is defined in U.S. publications.","referenceHtml":"Control Zone\u003cbr\u003eTransponder Required\u003cbr\u003eCDAH section: 3.1.4-3\u003cbr\u003eNote: The Abbotsford CZ also contains a portion south of the Can/USA boundary that is defined in U.S. publications.","referenceFr":"Zone de contrôle Transponder Required Rubrique CDAH : 3.1.4-3 Remarque\u00A0: La CZ d&#39;Abbotsford contient également une partie au sud de la frontière entre le Canada et les États-Unis, définie dans les publications américaines.","referenceFrHtml":"Zone de contrôle\u003cbr\u003eTransponder Required\u003cbr\u003eRubrique CDAH : 3.1.4-3\u003cbr\u003eRemarque\u00A0: La CZ d&#39;Abbotsford contient également une partie au sud de la frontière entre le Canada et les États-Unis, définie dans les publications américaines.","class":"C","type":"CZ","altLow":"0","altLowNum":0,"altLowRef":"AGL","altHigh":"4500","altHighNum":4500,"altHighRef":"MSL","vlosRpas":"-1","Shape_Length":71101.065580448136,"Shape_Area":250206949.87027961}},{"type":"Feature","id":2,"geometry":{"type":"Polygon","coordinates":[[[-122.95832999988475,49.120740000779904],[-122.98000502786586,49.120727029020031],[-123.00168004047603,49.120709371669918],[-123.02335503301295,49.120687028736008],[-123.04503000077425,49.120660000226479],[-123.0521649720134,49.115732390538746],[-123.06289382546164,49.108319804111275],[-123.06340000031543,49.10796999979042],[-123.07406130179531,49.102695526863926],[-123.08472000062061,49.097420000202362],[-123.08472000060264,49.097416464855357],[-123.08471999988306,49.002089999659169],[-123.08470999911177,49.002089979000289],[-123.07728753926624,49.002074293046171],[-123.07533626597015,49.002074967183859],[-123.06869836367818,49.002078768648772],[-123.06807416378551,49.002078168505385],[-123.0613517616313,49.00208076993205],[-123.03818995324939,49.002091675891641],[-123.03794305407763,49.002091675260374],[-123.03627295259902,49.002092276182971],[-123.03475515281649,49.002094475843997],[-123.01564889194246,49.002119371629227],[-122.99654261070651,49.002140617863219],[-122.97743631232942,49.002158214539932],[-122.95833000003203,49.002172161654343],[-122.95832999988475,49.120740000779904]]]},"properties":{"OBJECTID":2,"name":"Boundary Bay, BC a) [CZ] Class C SFC to 1000ft (1000ft AAE)","nameHtml":"Boundary Bay, BC a) [CZ]\u003cbr\u003eClass C\u003cbr\u003eSFC to 1000ft (1000ft AAE)","nameFr":"Boundary Bay, Colombie-Britannique a) [CZ]  Classe C  SFC à 1 000 pieds (1 000 pieds AAE)","nameFrHtml":"Boundary Bay, Colombie-Britannique a) [CZ]\u003cbr\u003e Classe C\u003cbr\u003e SFC à 1 000 pieds (1 000 pieds AAE)","reference":"Control Zone Transponder Required CDAH section: 3.1.4-5","referenceHtml":"Control Zone\u003cbr\u003eTransponder Required\u003cbr\u003eCDAH section: 3.1.4-5","referenceFr":"Zone de contrôle Transponder Required Section CDAH : 3.1.4-5","referenceFrHtml":"Zone de contrôle\u003cbr\u003eTransponder Required\u003cbr\u003eSection CDAH : 3.1.4-5","class":"C","type":"CZ","altLow":"0","altLowNum":0,"altLowRef":"AGL","altHigh":"1000","altHighNum":1000,"altHighRef":"MSL","vlosRpas":"-1","Shape_Length":43380.625889514609,"Shape_Area":118402804.28701857}},{"type":"Feature","id":3,"geometry":{"type":"Polygon","coordinates":[[[-122.59271000083089,49.057559999830126],[-122.58182999958002,49.062550000453584],[-122.57241999963674,49.068699999993086],[-122.56478999988519,49.07582999990268],[-122.55915999923134,49.083719999555697],[-122.55570999989379,49.092130000704309],[-122.55452999995072,49.100800000137681],[-122.55567999977487,49.109480000473361],[-122.55911000013697,49.11789000049702],[-122.56471999923129,49.125789999891737],[-122.57234999985492,49.132920000548374],[-122.58175000040976,49.139079999297579],[-122.59265000055784,49.14407999968914],[-122.60471000023954,49.147770000072924],[-122.61756999952028,49.150020000086819],[-122.63083000014221,49.150779999262497],[-122.64409000032303,49.150019999921781],[-122.65695000067136,49.147770000825659],[-122.66901000012949,49.144079999581194],[-122.67991000038622,49.139080000199122],[-122.68930999989547,49.13292000012855],[-122.69693000007528,49.125789999554115],[-122.70254999905251,49.117889999728931],[-122.70597999950422,49.109479999962176],[-122.70712000003292,49.100800000564895],[-122.70595000026118,49.0921300007223],[-122.70249999981969,49.083720000016491],[-122.69686999964171,49.075830000818378],[-122.68923999882978,49.068700000020094],[-122.67983000076707,49.06254999957838],[-122.66893999964388,49.057559999713142],[-122.65690000054131,49.053889999531037],[-122.64406000032426,49.05163000047493],[-122.63083000053503,49.050880000176981],[-122.61759000025154,49.051630000681804],[-122.60476000042146,49.053889999669714],[-122.59271000083089,49.057559999830126]]]},"properties":{"OBJECTID":3,"name":"Langley, BC [CZ] Class C SFC to 1900ft (1900ft AAE)","nameHtml":"Langley, BC [CZ]\u003cbr\u003eClass C\u003cbr\u003eSFC to 1900ft (1900ft AAE)","nameFr":"Langley, Colombie-Britannique [CZ]  Classe C  SFC à 1 900 pieds (1 900 pieds AAE)","nameFrHtml":"Langley, Colombie-Britannique [CZ]\u003cbr\u003e Classe C\u003cbr\u003e SFC à 1 900 pieds (1 900 pieds AAE)","reference":"Control Zone Transponder Required CDAH section: 3.1.4-8","referenceHtml":"Control Zone\u003cbr\u003eTransponder Required\u003cbr\u003eCDAH section: 3.1.4-8","referenceFr":"Zone de contrôle Transponder Required Section CDAH : 3.1.4-8","referenceFrHtml":"Zone de contrôle\u003cbr\u003eTransponder Required\u003cbr\u003eSection CDAH : 3.1.4-8","class":"C","type":"CZ","altLow":"0","altLowNum":0,"altLowRef":"AGL","altHigh":"1900","altHighNum":1900,"altHighRef":"MSL","vlosRpas":"-1","Shape_Length":35003.657493973522,"Shape_Area":97254811.684837639}},{"type":"Feature","id":4,"geometry":{"type":"Polygon","coordinates":[[[-122.67178999970628,49.17283999957526],[-122.66087999985356,49.177830000474998],[-122.65145000007682,49.183979999676794],[-122.64379999934958,49.191109999916371],[-122.63816000044653,49.1989999997231],[-122.6346999994594,49.207409999615543],[-122.63352000009934,49.216080000473191],[-122.63466999957087,49.224759999884547],[-122.63811000026386,49.233169999849594],[-122.64372999996226,49.241060000092126],[-122.65137999965239,49.248199999980002],[-122.66079999938822,49.254360000176874],[-122.67172999932079,49.259359999752895],[-122.68382000005111,49.263039999457362],[-122.69670000026836,49.26529999988643],[-122.71000000054367,49.266059999823348],[-122.72328999938242,49.2653000002461],[-122.73617000019655,49.263039999480455],[-122.74826000028389,49.259360000150032],[-122.75918999923761,49.254359999775232],[-122.76861000001448,49.248199999851465],[-122.77625999944028,49.24105999979961],[-122.78188000080732,49.233170000119657],[-122.78531999997014,49.224760000140662],[-122.78646999991253,49.216079999454649],[-122.78528999946866,49.207410000312748],[-122.78183000046421,49.199000000346956],[-122.77619000032743,49.191109999436932],[-122.76854000007745,49.183980000226349],[-122.75910999953466,49.177830000049866],[-122.74819999927927,49.17283999990817],[-122.73612999964386,49.16916000070465],[-122.72326000005424,49.166909999524748],[-122.70999999946231,49.166150000122364],[-122.69673000018035,49.166909999902934],[-122.68385999884708,49.16916000032753],[-122.67178999970628,49.17283999957526]]]},"properties":{"OBJECTID":4,"name":"Pitt Meadows, BC [CZ] Class C SFC to 2500ft (2500ft AAE)","nameHtml":"Pitt Meadows, BC [CZ]\u003cbr\u003eClass C\u003cbr\u003eSFC to 2500ft (2500ft AAE)","nameFr":"Pitt Meadows, Colombie-Britannique [CZ]  Classe C  SFC à 2 500 pieds (2 500 pieds AAE)","nameFrHtml":"Pitt Meadows, Colombie-Britannique [CZ]\u003cbr\u003e Classe C\u003cbr\u003e SFC à 2 500 pieds (2 500 pieds AAE)","reference":"Control Zone Transponder Required CDAH section: 3.1.4-10","referenceHtml":"Control Zone\u003cbr\u003eTransponder Required\u003cbr\u003eCDAH section: 3.1.4-10","referenceFr":"Zone de contrôle Transponder Required Section CDAH : 3.1.4-10","referenceFrHtml":"Zone de contrôle\u003cbr\u003eTransponder Required\u003cbr\u003eSection CDAH : 3.1.4-10","class":"C","type":"CZ","altLow":"0","altLowNum":0,"altLowRef":"AGL","altHigh":"2500","altHighNum":2500,"altHighRef":"MSL","vlosRpas":"-1","Shape_Length":34991.92296832439,"Shape_Area":97189641.315611228}},{"type":"Feature","id":5,"geometry":{"type":"Polygon","coordinates":[[[-123.11262467940955,49.087684796626064],[-123.10244458400761,49.091149589442445],[-123.08648000093913,49.096579999478529],[-123.08499648885157,49.097318743813304],[-123.0739465639397,49.102819839718833],[-123.06289382546164,49.108319804111275],[-123.06221000012253,49.108660000063139],[-123.0521649720134,49.115732390538746],[-123.04144000069422,49.123280000256017],[-123.03311161212697,49.131635245600393],[-123.02478000039052,49.139989999304646],[-123.01874128270072,49.149155061092664],[-123.01270000043563,49.15831999985194],[-123.00557999977755,49.177729999447784],[-123.00362000040055,49.197649999894466],[-123.00689000027704,49.217490000063442],[-123.01531000007775,49.236679999854886],[-123.02211359030855,49.245605117516746],[-123.02891999979393,49.254530000816331],[-123.05329079984463,49.256486377278485],[-123.07766381034523,49.258436856771873],[-123.10203902490942,49.260381438394099],[-123.12641643714753,49.262320121245395],[-123.15079604066615,49.264252904428552],[-123.17517782906846,49.266179787048998],[-123.19956179595403,49.268100768214744],[-123.22394793491884,49.27001584703639],[-123.24524848401636,49.271683641301827],[-123.26655068086487,49.273346931863244],[-123.28785452119119,49.275005718132967],[-123.30916000072006,49.276659999524853],[-123.31893674146491,49.268990391422399],[-123.32871000030488,49.261320000032512],[-123.32875185685852,49.261272114564598],[-123.33327029897241,49.256102109160814],[-123.34386000047434,49.243980000670525],[-123.34389614134336,49.243914739400644],[-123.34865051642169,49.235327759426134],[-123.35425000093515,49.225210000119574],[-123.35428118182614,49.225095093221292],[-123.35682662306306,49.215712953829481],[-123.35957999943534,49.205559999659073],[-123.35958087874145,49.205413722015962],[-123.35963434375257,49.196522875625874],[-123.35969999978298,49.185599999689991],[-123.35963990721127,49.185367755246844],[-123.35759667012707,49.17746974566581],[-123.35461000079297,49.16591999973182],[-123.35446672409741,49.165654190542988],[-123.35069508562879,49.158655804053375],[-123.34446999908471,49.147100000036126],[-123.34419267045305,49.14677590782749],[-123.33884750273809,49.140528394660642],[-123.3295699992823,49.129680000004235],[-123.32919251247634,49.129375553315853],[-123.3213140382759,49.123020230375388],[-123.31035999967824,49.114179999872853],[-123.30989077424761,49.113911794694637],[-123.29916709869114,49.107780772374056],[-123.28740000069851,49.101049999322605],[-123.28687329051294,49.100839874240663],[-123.27473736578116,49.095997077718607],[-123.26136999922764,49.090660000278383],[-123.26063703260166,49.090470552102175],[-123.24838162425887,49.087301905812659],[-123.23303000015062,49.083329999978069],[-123.23222512167803,49.08322061443144],[-123.21875211423136,49.081388563533842],[-123.20319000055113,49.079270000606549],[-123.20230365836875,49.079250629212595],[-123.18757045795853,49.078927477721678],[-123.17274000094757,49.078600000143517],[-123.17190442031165,49.078675434675695],[-123.1571279516111,49.080008225642331],[-123.14256000030893,49.081320000861325],[-123.14160010133813,49.081520470107534],[-123.12763937804536,49.084434851838168],[-123.11352000014402,49.087380000566583],[-123.11262467940955,49.087684796626064]]]},"properties":{"OBJECTID":5,"name":"Vancouver, BC [CZ] Class C SFC to 2500ft (2500ft AAE)","nameHtml":"Vancouver, BC [CZ]\u003cbr\u003eClass C\u003cbr\u003eSFC to 2500ft (2500ft AAE)","nameFr":"Vancouver, Colombie-Britannique [CZ]  Classe C  SFC à 2 500 pieds (2 500 pieds AAE)","nameFrHtml":"Vancouver, Colombie-Britannique [CZ]\u003cbr\u003e Classe C\u003cbr\u003e SFC à 2 500 pieds (2 500 pieds AAE)","reference":"Control Zone Transponder Required CDAH section: 3.1.4-12","referenceHtml":"Control Zone\u003cbr\u003eTransponder Required\u003cbr\u003eCDAH section: 3.1.4-12","referenceFr":"Zone de contrôle Transponder Required Section CDAH : 3.1.4-12","referenceFrHtml":"Zone de contrôle\u003cbr\u003eTransponder Required\u003cbr\u003eSection CDAH : 3.1.4-12","class":"C","type":"CZ","altLow":"0","altLowNum":0,"altLowRef":"AGL","altHigh":"2500","altHighNum":2500,"altHighRef":"MSL","vlosRpas":"-1","Shape_Length":78505.966975410396,"Shape_Area":457240606.42700815}},{"type":"Feature","id":6,"geometry":{"type":"Polygon","coordinates":[[[-123.0289100000514,49.313879999668266],[-123.04297659831548,49.324280830321136],[-123.05704999992042,49.334679999992467],[-123.07215952412211,49.334782003021807],[-123.08726911919923,49.334881739053188],[-123.10237878355933,49.334979208068916],[-123.11748851560986,49.335074410051753],[-123.13259831375829,49.335167344984733],[-123.14770817641208,49.33525801285144],[-123.1628181019786,49.335346413635797],[-123.17792808886517,49.335432547322085],[-123.19303813547906,49.335516413895071],[-123.2081482402276,49.335598013339862],[-123.22325840151798,49.335677345641997],[-123.23836861775739,49.335754410787438],[-123.25347888735298,49.335829208762455],[-123.26858920871184,49.33590173955384],[-123.28369958024115,49.33597200314869],[-123.29881000034787,49.336039999534606],[-123.28943967425523,49.32778935427816],[-123.28007294236996,49.319538029414019],[-123.27070980300374,49.311286025631325],[-123.26135025446906,49.30303334361885],[-123.25199429507906,49.294779984065123],[-123.24264192314747,49.286525947658305],[-123.23329313698899,49.278271235086216],[-123.22394793491884,49.27001584703639],[-123.22393000017868,49.269999999930768],[-123.19954611160632,49.268086898268564],[-123.17516439267281,49.266167895329801],[-123.15078484978092,49.264242992002778],[-123.12640748932985,49.262312189178367],[-123.10203231771527,49.260375487750132],[-123.07765934132932,49.258432888614138],[-123.05328856656055,49.256484392669122],[-123.02891999979393,49.254530000816331],[-123.0289100000514,49.313879999668266]]]},"properties":{"OBJECTID":6,"name":"Vancouver Harbour, BC [CZ] Class C SFC to 2500ft (2500ft AAE)","nameHtml":"Vancouver Harbour, BC [CZ]\u003cbr\u003eClass C\u003cbr\u003eSFC to 2500ft (2500ft AAE)","nameFr":"Port de Vancouver, Colombie-Britannique [CZ]  Classe C  SFC à 2 500 pieds (2 500 pieds AAE)","nameFrHtml":"Port de Vancouver, Colombie-Britannique [CZ]\u003cbr\u003e Classe C\u003cbr\u003e SFC à 2 500 pieds (2 500 pieds AAE)","reference":"Control Zone Transponder Required CDAH section: 3.1.4-14","referenceHtml":"Control Zone\u003cbr\u003eTransponder Required\u003cbr\u003eCDAH section: 3.1.4-14","referenceFr":"Zone de contrôle Transponder Required Section CDAH : 3.1.4-14","referenceFrHtml":"Zone de contrôle\u003cbr\u003eTransponder Required\u003cbr\u003eSection CDAH : 3.1.4-14","class":"C","type":"CZ","altLow":"0","altLowNum":0,"altLowRef":"AGL","altHigh":"2500","altHighNum":2500,"altHighRef":"MSL","vlosRpas":"-1","Shape_Length":50805.046022645744,"Shape_Area":132942972.67560013}},{"type":"Feature","id":7,"geometry":{"type":"Polygon","coordinates":[[[-123.27281999939579,48.705200000177122],[-123.28162331571473,48.713530286847842],[-123.29043000032142,48.721859999967769],[-123.30130320271772,48.72905551783407],[-123.31217999954109,48.736250000364713],[-123.3247833083134,48.742090748071348],[-123.33738999959135,48.74793000003865],[-123.35134362103956,48.752230951199692],[-123.36530000032913,48.756530000366894],[-123.38018409866233,48.75916610296823],[-123.39506999984981,48.761800000201504],[-123.41041968604766,48.762691182119966],[-123.42577000024566,48.763579999394786],[-123.44112531419161,48.76269118292344],[-123.45647999993156,48.761800000266469],[-123.47136090130142,48.759166102414554],[-123.48624000042146,48.756530000690027],[-123.50020137950987,48.752230951650731],[-123.51415999976768,48.747929999216069],[-123.52676669099925,48.742090747620885],[-123.53936999972487,48.736250000287249],[-123.55024179628595,48.72905551745292],[-123.56111000007253,48.721860000376715],[-123.56992168542742,48.713530287560538],[-123.57873000058234,48.705200000308821],[-123.58520636996539,48.695985084808314],[-123.59168000018772,48.686770000075185],[-123.59956999988944,48.667130000353119],[-123.6021900000698,48.646890000094736],[-123.599440000212,48.626649999814767],[-123.59141999930701,48.607039999671379],[-123.58489362421953,48.597840087753148],[-123.57836999956278,48.588640000395721],[-123.56953831946295,48.580330289812224],[-123.56071000016325,48.572020000377854],[-123.54983821597114,48.564850518750809],[-123.53897000036287,48.557679999944888],[-123.52638332511752,48.551865747822212],[-123.51379999981964,48.54604999965261],[-123.49988863641852,48.541765948384956],[-123.48598000090034,48.537480000090405],[-123.47115911049769,48.534856097552463],[-123.45634000028221,48.532229999365057],[-123.44105469252385,48.531351177443575],[-123.42577000023344,48.53047000001802],[-123.41049030741952,48.531351177098756],[-123.3952099993372,48.532230000217815],[-123.38039088978553,48.534856098120585],[-123.36557000004565,48.537480000374572],[-123.35165636423798,48.541765949436439],[-123.33773999956574,48.546050000068142],[-123.32516167388032,48.551865747443294],[-123.31257999957806,48.557680000041813],[-123.30170678499243,48.564850519048328],[-123.29083000018174,48.572019999780409],[-123.28200168093517,48.580330289350165],[-123.27317000088892,48.588640000069979],[-123.26665137475983,48.597840087429802],[-123.26013000030831,48.607040000008496],[-123.25210999983464,48.626650000106366],[-123.24935999966154,48.646890000143671],[-123.24984371561698,48.650642448344406],[-123.25434692225903,48.66149161677658],[-123.25885237078373,48.672340931955524],[-123.26336006282325,48.683190393425122],[-123.26787000001151,48.694040000728954],[-123.26545800797585,48.694724660098842],[-123.27281999939579,48.705200000177122]]]},"properties":{"OBJECTID":7,"name":"Victoria, BC [CZ] Class C SFC to 2500ft (2400ft AAE)","nameHtml":"Victoria, BC [CZ]\u003cbr\u003eClass C\u003cbr\u003eSFC to 2500ft (2400ft AAE)","nameFr":"Victoria, Colombie-Britannique [CZ]  Classe C  SFC à 2 500 pieds (2 400 pieds AAE)","nameFrHtml":"Victoria, Colombie-Britannique [CZ]\u003cbr\u003e Classe C\u003cbr\u003e SFC à 2 500 pieds (2 400 pieds AAE)","reference":"Control Zone Transponder Required CDAH section: 3.1.4-18","referenceHtml":"Control Zone\u003cbr\u003eTransponder Required\u003cbr\u003eCDAH section: 3.1.4-18","referenceFr":"Zone de contrôle Transponder Required Section CDAH : 3.1.4-18","referenceFrHtml":"Zone de contrôle\u003cbr\u003eTransponder Required\u003cbr\u003eSection CDAH : 3.1.4-18","class":"C","type":"CZ","altLow":"0","altLowNum":0,"altLowRef":"AGL","altHigh":"2500","altHighNum":2500,"altHighRef":"MSL","vlosRpas":"-1","Shape_Length":81908.483909325165,"Shape_Area":529577880.42467058}},{"type":"Feature","id":8,"geometry":{"type":"Polygon","coordinates":[[[-124.50000000067236,49.61110999998818],[-124.51571715399679,49.621993763745088],[-124.53144231065284,49.632875413374748],[-124.54717547495807,49.643754946501318],[-124.56291665123078,49.654632360747577],[-124.57866584379009,49.665507653735006],[-124.59442305695569,49.676380823083619],[-124.61018829504816,49.687251866412183],[-124.62596156238864,49.698120781338019],[-124.64174286329916,49.708987565477116],[-124.65753220210223,49.719852216444067],[-124.67332958312133,49.730714731852146],[-124.6891350106804,49.741575109313267],[-124.70494848910417,49.752433346437932],[-124.72077002271813,49.763289440835294],[-124.73659961584839,49.774143390113167],[-124.75243727282164,49.784995191877968],[-124.76828299796539,49.795844843734727],[-124.78413679560775,49.806692343287203],[-124.79999867007754,49.817537688137683],[-124.81586862570416,49.828380875887127],[-124.83174666681775,49.839221904135144],[-124.84763279774903,49.850060770479899],[-124.86352702282936,49.860897472518317],[-124.87942934639085,49.871732007845836],[-124.89533977276609,49.882564374056578],[-124.9112583062884,49.893394568743268],[-124.92718495129169,49.904222589497323],[-124.94311971211044,49.915048433908701],[-124.95906259307984,49.92587209956605],[-124.9750135985356,49.936693584056592],[-124.99097273281411,49.947512884966237],[-125.0069400002523,49.958329999879517],[-125.01833913671885,49.951394186214571],[-125.02973454966728,49.944457227446449],[-125.0411262402387,49.937519124346352],[-125.05251420957438,49.930579877685247],[-125.0638984588158,49.923639488233853],[-125.07527898910445,49.916697956762555],[-125.0866558015821,49.909755284041594],[-125.09802889739056,49.902811470840838],[-125.10939827767193,49.895866517929967],[-125.12076394356825,49.888920426078364],[-125.13212589622182,49.881973196055171],[-125.14348413677509,49.875024828629293],[-125.15483866637059,49.868075324569318],[-125.16618948615103,49.861124684643649],[-125.17753659725923,49.85417290962036],[-125.18888000083815,49.847220000267306],[-125.17289538522201,49.836403009597795],[-125.15691889268885,49.825583824848181],[-125.14095051893001,49.814762448440504],[-125.12499025963729,49.803938882795386],[-125.10903811050315,49.793113130332102],[-125.09309406722053,49.782285193468567],[-125.077158125483,49.771455074621372],[-125.06123028098462,49.760622776205615],[-125.04531052942011,49.749788300635167],[-125.02939886648474,49.738951650322427],[-125.01349528787446,49.728112827678473],[-124.99759978928559,49.71727183511301],[-124.98171236641532,49.706428675034367],[-124.96583301496131,49.695583349849542],[-124.94996173062174,49.684735861964079],[-124.93409850909565,49.673886213782254],[-124.91824334608245,49.663034407706931],[-124.90239623728237,49.652180446139617],[-124.88655717839616,49.641324331480448],[-124.87072616512521,49.630466066128193],[-124.85490319317161,49.61960565248026],[-124.83908825823804,49.608743092932741],[-124.82328135602785,49.597878389880272],[-124.80748248224505,49.587011545716166],[-124.79169163259435,49.576142562832452],[-124.77590880278106,49.565271443619643],[-124.7601339885112,49.554398190467062],[-124.74436718549141,49.543522805762521],[-124.72860838942911,49.532645291892557],[-124.71285759603234,49.521765651242326],[-124.69711480100983,49.510883886195614],[-124.68138000007103,49.499999999134872],[-124.67007131211496,49.50695288790898],[-124.65875895443861,49.513904645097561],[-124.6474429259242,49.520855269934906],[-124.63612322545413,49.527804761654977],[-124.62479985191101,49.534753119491612],[-124.61347280417752,49.54170034267829],[-124.60214208113649,49.548646430448272],[-124.59080768167098,49.555591382034592],[-124.57946960466406,49.562535196669948],[-124.56812784899905,49.569477873586884],[-124.55678241355939,49.576419412017565],[-124.54543329722868,49.583359811194022],[-124.53408049889065,49.590299070347974],[-124.52272401742921,49.597237188710885],[-124.51136385172835,49.604174165513953],[-124.50000000067236,49.61110999998818]]]},"properties":{"OBJECTID":8,"name":"Comox, BC [CZ] Class D SFC to 6000ft (5900ft AAE)","nameHtml":"Comox, BC [CZ]\u003cbr\u003eClass D\u003cbr\u003eSFC to 6000ft (5900ft AAE)","nameFr":"Comox, Colombie-Britannique [CZ]  Classe D  SFC à 6 000 pieds (5 900 pieds AAE)","nameFrHtml":"Comox, Colombie-Britannique [CZ]\u003cbr\u003e Classe D\u003cbr\u003e SFC à 6 000 pieds (5 900 pieds AAE)","reference":"Control Zone CDAH section: 3.1.4-21","referenceHtml":"Control Zone\u003cbr\u003eCDAH section: 3.1.4-21","referenceFr":"Zone de contrôle Section MEAD: 3.1.4-21 ","referenceFrHtml":"Zone de contrôle\u003cbr\u003eSection MEAD: 3.1.4-21\u003cbr\u003e","class":"D","type":"CZ","altLow":"0","altLowNum":0,"altLowRef":"AGL","altHigh":"6000","altHighNum":6000,"altHighRef":"MSL","vlosRpas":"-1","Shape_Length":142496.79241655042,"Shape_Area":959212359.89203691}},{"type":"Feature","id":9,"geometry":{"type":"Polygon","coordinates":[[[-119.34715000055994,50.14813999995441],[-119.36129538497919,50.145844286567581],[-119.37543923308111,50.143546633419213],[-119.38958154380961,50.141247040865785],[-119.40372231610937,50.138945509264047],[-119.41786154892584,50.136642038970969],[-119.43199924120532,50.134336630343753],[-119.44613539189487,50.132029283739818],[-119.46026999994238,50.129719999516894],[-119.45525961464327,50.100411967375877],[-119.45025616227177,50.071105952413376],[-119.44525962850582,50.041801960979122],[-119.44026999906262,50.012499999416214],[-119.44723087830347,49.998644865326092],[-119.4541872120581,49.984789767315043],[-119.46113900462215,49.970934706509837],[-119.46808626028601,49.957079684036415],[-119.47502898333484,49.943224701019901],[-119.48196717804869,49.929369758584713],[-119.48890084870236,49.915514857854383],[-119.4958299995655,49.90165999995169],[-119.49403999968364,49.826740000316562],[-119.47770611088285,49.829550156689002],[-119.46137006650035,49.83235771158845],[-119.44503186812305,49.835162664431294],[-119.42869151733929,49.837965014634243],[-119.41234901573881,49.840764761614437],[-119.3960043649129,49.843561904789439],[-119.37965756645437,49.846356443577285],[-119.3633086219574,49.849148377396354],[-119.34695753301769,49.851937705665456],[-119.33060430123253,49.854724427803845],[-119.31424892820047,49.857508543231184],[-119.2978914155217,49.860290051367549],[-119.28153176479789,49.863068951633444],[-119.26516997763207,49.865845243449826],[-119.24880605562886,49.868618926237986],[-119.23244000039422,49.871389999419705],[-119.23956563822111,49.888684657169996],[-119.2466970752406,49.905979619272713],[-119.2538343183674,49.923274883865432],[-119.2609773745269,49.940570449084177],[-119.26812625065527,49.957866313063406],[-119.27528095369942,49.975162473936116],[-119.28244149061703,49.992458929833745],[-119.28960786837655,50.009755678886108],[-119.29678009395732,50.027052719221608],[-119.30395817434946,50.04435004896704],[-119.31114211655397,50.061647666247644],[-119.31833192758273,50.078945569187162],[-119.32552761445857,50.096243755907743],[-119.33272918421511,50.113542224530065],[-119.33993664389705,50.130840973173065],[-119.34715000055994,50.14813999995441]]]},"properties":{"OBJECTID":9,"name":"Kelowna, BC a) [CZ] Class D SFC to 2500ft (1100ft AAE)","nameHtml":"Kelowna, BC a) [CZ]\u003cbr\u003eClass D\u003cbr\u003eSFC to 2500ft (1100ft AAE)","nameFr":"Kelowna, Colombie-Britannique a) [CZ]  Classe D  SFC à 2 500 pieds (1 100 pieds AAE)","nameFrHtml":"Kelowna, Colombie-Britannique a) [CZ]\u003cbr\u003e Classe D\u003cbr\u003e SFC à 2 500 pieds (1 100 pieds AAE)","reference":"Control Zone CDAH section: 3.1.4-23","referenceHtml":"Control Zone\u003cbr\u003eCDAH section: 3.1.4-23","referenceFr":"Zone de contrôle Section MEAD: 3.1.4-23 ","referenceFrHtml":"Zone de contrôle\u003cbr\u003eSection MEAD: 3.1.4-23\u003cbr\u003e","class":"D","type":"CZ","altLow":"0","altLowNum":0,"altLowRef":"AGL","altHigh":"2500","altHighNum":2500,"altHighRef":"MSL","vlosRpas":"-1","Shape_Length":94077.460326498505,"Shape_Area":421198808.85360223}},{"type":"Feature","id":10,"geometry":{"type":"Polygon","coordinates":[[[-122.62192999949224,53.995900000104193],[-122.63841916640327,53.997861214212875],[-122.65491000041143,53.99982000025711],[-122.67172987200625,54.000116266219784],[-122.68854999955055,54.000409999619563],[-122.70521059690354,53.999021240276662],[-122.72186999975534,53.997629999319379],[-122.73788625109165,53.994601140213206],[-122.75389999966461,53.991569999952539],[-122.76880676013069,53.986990977379705],[-122.78371000039201,53.982410000189255],[-122.79693207738137,53.976315752011146],[-122.81015000039658,53.970220000163195],[-122.81456147985995,53.957199945646259],[-122.8189700005759,53.944179999696416],[-122.83492594918151,53.941871136563854],[-122.8508799993029,53.939560000246836],[-122.85785661292618,53.930575150609172],[-122.86482999922802,53.921589999963487],[-122.86885099278702,53.91198999479051],[-122.87286999987175,53.90238999948437],[-122.87527999929466,53.882660000301804],[-122.87198999964578,53.86296999965397],[-122.86754891200908,53.853435011326319],[-122.86311000047013,53.843900000020099],[-122.85600336524901,53.834940158466104],[-122.84890000082834,53.825979999673287],[-122.83933800692945,53.817860354335046],[-122.82977999977122,53.80973999960149],[-122.8180378752439,53.802690577108756],[-122.80629999987883,53.795639999782075],[-122.79271298459419,53.789860802022865],[-122.77912999926315,53.784080000912155],[-122.76409332334505,53.779736001370217],[-122.74905999940016,53.775389999771335],[-122.73299885271121,53.772606154084478],[-122.71694000060539,53.769820000046472],[-122.70031951468017,53.76868124241652],[-122.68370000066909,53.767540000391271],[-122.6669902272555,53.768071256722877],[-122.65027999954593,53.768599999869487],[-122.63396091409278,53.7707861946866],[-122.61763999933478,53.772970000152789],[-122.60218150130115,53.776756063512217],[-122.58672000098333,53.780540000227631],[-122.57255691631889,53.785810879305757],[-122.55839000078147,53.791080000424337],[-122.54592711364482,53.797685661965204],[-122.53346000021956,53.80429000033336],[-122.52306706953932,53.812045434796133],[-122.51266999934128,53.819800000121006],[-122.50463679066091,53.828480225905125],[-122.49659999920051,53.837159999537946],[-122.49116630598709,53.846515058319888],[-122.48572999973555,53.855870000198607],[-122.48036999982395,53.875390000126124],[-122.48068000028468,53.895169999422947],[-122.48667000003438,53.914639999224221],[-122.49241862499093,53.923930075105915],[-122.49817000033697,53.93321999920088],[-122.50650815639462,53.941805249738572],[-122.51485000056215,53.95038999998728],[-122.52554289767849,53.958020463698915],[-122.5362399998567,53.965649999507804],[-122.54897788023969,53.972105692007027],[-122.56171999978643,53.978559999865872],[-122.57614310643686,53.983650910418227],[-122.59056999898608,53.988740000488939],[-122.6062485517169,53.992321090382362],[-122.62192999949224,53.995900000104193]]]},"properties":{"OBJECTID":10,"name":"Prince George, BC [CZ] Class D SFC to 5500ft (3200ft AAE)","nameHtml":"Prince George, BC [CZ]\u003cbr\u003eClass D\u003cbr\u003eSFC to 5500ft (3200ft AAE)","nameFr":"Prince George, Colombie-Britannique [CZ]  Classe D  SFC à 5 500 pieds (3 200 pieds AAE)","nameFrHtml":"Prince George, Colombie-Britannique [CZ]\u003cbr\u003e Classe D\u003cbr\u003e SFC à 5 500 pieds (3 200 pieds AAE)","reference":"Control Zone CDAH section: 3.1.4-26","referenceHtml":"Control Zone\u003cbr\u003eCDAH section: 3.1.4-26","referenceFr":"Zone de contrôle Section MEAD: 3.1.4-26 ","referenceFrHtml":"Zone de contrôle\u003cbr\u003eSection MEAD: 3.1.4-26\u003cbr\u003e","class":"D","type":"CZ","altLow":"0","altLowNum":0,"altLowRef":"AGL","altHigh":"5500","altHighNum":5500,"altHighRef":"MSL","vlosRpas":"-1","Shape_Length":81507.618464662781,"Shape_Area":514437221.33660454}},{"type":"Feature","id":11,"geometry":{"type":"Polygon","coordinates":[[[-123.29881000034787,49.336039999534606],[-123.31551362714572,49.336092196561729],[-123.33221729341345,49.336141623059063],[-123.348920996999,49.336188279015879],[-123.36562473575034,49.33623216442205],[-123.38232850751541,49.336273279268092],[-123.39903231014203,49.336311623545079],[-123.41573614147811,49.336347197244727],[-123.43243999937145,49.336380000359263],[-123.44058656434974,49.329223271338094],[-123.44873041869307,49.322066027935421],[-123.45687156350472,49.314908270602679],[-123.46500999988768,49.307749999791213],[-123.47112589895853,49.299772786773879],[-123.47723953122716,49.291795382176453],[-123.48335089784808,49.283817786345104],[-123.4894599999752,49.275839999625873],[-123.49748817649764,49.258789907345204],[-123.50550999994752,49.241739999589427],[-123.50913648623956,49.224064620540659],[-123.5127599996714,49.206389999942957],[-123.51101000034917,49.170739999688621],[-123.50567283879263,49.153249703650296],[-123.50034000044927,49.135759999875042],[-123.49069627653768,49.119075063647848],[-123.48105999967881,49.102390000020186],[-123.4742163390323,49.094680443907286],[-123.46737511965171,49.086970591644942],[-123.46053634037878,49.079260443617045],[-123.4537000000558,49.07155000020736],[-123.44502336544349,49.064678422458947],[-123.43634948798304,49.057806229485585],[-123.42767836666165,49.050933421762934],[-123.41901000046688,49.044059999766404],[-123.40873833790305,49.038213931626267],[-123.39846945090383,49.032366908569891],[-123.38820333884429,49.026518931122531],[-123.37794000109908,49.020669999809442],[-123.36633626478338,49.016024423747012],[-123.35473501919336,49.011377564761304],[-123.34313626424787,49.006729423362373],[-123.3315399998654,49.002080000060175],[-123.32224999910929,49.002080000077754],[-123.32223999913707,49.002079999983231],[-123.32202713960227,49.002080252084482],[-123.32222999877435,49.002189999966276],[-123.29688917462724,49.002203127205902],[-123.27154833886999,49.002209834538952],[-123.24620749901707,49.002210121962136],[-123.22086666258305,49.00220398947522],[-123.19552583708251,49.002191437081322],[-123.17018503003003,49.002172464786696],[-123.14484424894005,49.002147072600899],[-123.11950350132703,49.002115260536584],[-123.10211174302346,49.002099146837381],[-123.08471999887824,49.002080009189228],[-123.08470999965508,49.002079999825284],[-123.08470999911177,49.002089979000289],[-123.08471000004606,49.097419999577077],[-123.08472000060264,49.097416464855357],[-123.08499648885157,49.097318743813304],[-123.10244458400761,49.091149589442445],[-123.11163000040766,49.087900000588121],[-123.11262467940955,49.087684796626064],[-123.12763937804536,49.084434851838168],[-123.14068000003635,49.081609999631738],[-123.14160010133813,49.081520470107534],[-123.1571279516111,49.080008225642331],[-123.1709500000149,49.078659999900339],[-123.17190442031165,49.078675434675695],[-123.18757045795853,49.078927477721678],[-123.20152999973358,49.07914999938977],[-123.20230365836875,49.079250629212595],[-123.21875211423136,49.081388563533842],[-123.23154999906546,49.083050000043947],[-123.23222512167803,49.08322061443144],[-123.24838162425887,49.087301905812659],[-123.26009999996663,49.090260000826227],[-123.26063703260166,49.090470552102175],[-123.27473736578116,49.095997077718607],[-123.28636000094622,49.100549999964727],[-123.28687329051294,49.100839874240663],[-123.29916709869114,49.107780772374056],[-123.30955000012311,49.113639999564612],[-123.30989077424761,49.113911794694637],[-123.3213140382759,49.123020230375388],[-123.32897999992736,49.129130000018371],[-123.32919251247634,49.129375553315853],[-123.33884750273809,49.140528394660642],[-123.34407999910469,49.146570000293487],[-123.34419267045305,49.14677590782749],[-123.35069508562879,49.158655804053375],[-123.3544100001032,49.165439999743981],[-123.35446672409741,49.165654190542988],[-123.35759667012707,49.17746974566581],[-123.35964000046259,49.185179999680727],[-123.35963990721127,49.185367755246844],[-123.35963434375257,49.196522875625874],[-123.35962999960849,49.205229999551015],[-123.35958087874145,49.205413722015962],[-123.35682662306306,49.215712953829481],[-123.35435000008084,49.224970000272045],[-123.35428118182614,49.225095093221292],[-123.34865051642169,49.235327759426134],[-123.34396999998205,49.243830000081751],[-123.34389614134336,49.243914739400644],[-123.33327029897241,49.256102109160814],[-123.3287799997611,49.261249999909211],[-123.32875185685852,49.261272114564598],[-123.31895767891447,49.268966450203315],[-123.30916000072006,49.276659999524853],[-123.28785003110757,49.275001759151756],[-123.26654170496208,49.273339012036274],[-123.24523502656076,49.271671758766182],[-123.22393000017868,49.269999999930768],[-123.22394793491884,49.27001584703639],[-123.23329313698899,49.278271235086216],[-123.24264192314747,49.286525947658305],[-123.25199429507906,49.294779984065123],[-123.26135025446906,49.30303334361885],[-123.27070980300374,49.311286025631325],[-123.28007294236996,49.319538029414019],[-123.28943967425523,49.32778935427816],[-123.29881000034787,49.336039999534606]]]},"properties":{"OBJECTID":11,"name":"Vancouver Outer Control Zone, BC [CZ] Class D SFC to 800ft (800ft AAE)","nameHtml":"Vancouver Outer Control Zone, BC [CZ]\u003cbr\u003eClass D\u003cbr\u003eSFC to 800ft (800ft AAE)","nameFr":"Zone de contrôle extérieure de Vancouver, Colombie-Britannique [CZ]  Classe D  SFC à 800 pieds (800 pieds AAE)","nameFrHtml":"Zone de contrôle extérieure de Vancouver, Colombie-Britannique [CZ]\u003cbr\u003e Classe D\u003cbr\u003e SFC à 800 pieds (800 pieds AAE)","reference":"Control Zone CDAH section: 3.1.4-28","referenceHtml":"Control Zone\u003cbr\u003eCDAH section: 3.1.4-28","referenceFr":"Zone de contrôle Section MEAD: 3.1.4-28 ","referenceFrHtml":"Zone de contrôle\u003cbr\u003eSection MEAD: 3.1.4-28\u003cbr\u003e","class":"D","type":"CZ","altLow":"0","altLowNum":0,"altLowRef":"AGL","altHigh":"800","altHighNum":800,"altHighRef":"MSL","vlosRpas":"-1","Shape_Length":135744.08711867532,"Shape_Area":576202911.56638038}},{"type":"Feature","id":12,"geometry":{"type":"Polygon","coordinates":[[[-114.28332999994642,51.066659999738505],[-114.25628000458076,51.066670508022064],[-114.2292300000733,51.066674010769894],[-114.20217999556395,51.066670507980014],[-114.17513000019265,51.066659999654398],[-114.1667683153772,51.058300250329523],[-114.15841000085568,51.049939999399619],[-114.14758312653929,51.042760499137323],[-114.13675999902769,51.035580000238461],[-114.12416320121361,51.029655718095668],[-114.11156999983031,51.02373000038709],[-114.0975634816745,51.0192309155412],[-114.08356000008412,51.014729999631882],[-114.06855393430151,51.011781068582984],[-114.0535500009487,51.008830000288931],[-114.03796450512097,51.007511162369902],[-114.02238000025568,51.006190000143754],[-114.00667013640306,51.006551182889901],[-113.99096000012526,51.00690999988921],[-113.97557074733271,51.008926130286433],[-113.96018000070094,51.010939999938799],[-113.94555127780241,51.014566010232322],[-113.93091999987634,51.018190000620656],[-113.91747166057176,51.023315835674985],[-113.90401999971033,51.028440000321559],[-113.89213685573762,51.034920626238168],[-113.88024999975603,51.041399999797193],[-113.8702718404206,51.04905040673237],[-113.86029000013488,51.056700000224701],[-113.85250661485327,51.065300201686831],[-113.844720000496,51.073900000167654],[-113.83936120273,51.083200034093061],[-113.83399999983834,51.0925000000042],[-113.82843999964153,51.111980000257226],[-113.82820000022065,51.131759999865764],[-113.83329999990124,51.15129000012206],[-113.83844383729829,51.16064002297491],[-113.84358999967446,51.169990000415744],[-113.85118840659375,51.178660186791269],[-113.85878999936276,51.187329999592691],[-113.86862316024282,51.195065390738201],[-113.87846000057125,51.202799999881208],[-113.89024812392884,51.209380612022755],[-113.90204000067342,51.215959999676514],[-113.91544330213758,51.22119582447705],[-113.92884999969129,51.226429999254691],[-113.94347367780973,51.230166003582504],[-113.95809999996348,51.233900000211612],[-113.9735292041467,51.236031130132339],[-113.98895999937227,51.238159999637034],[-114.00474482369354,51.238621188122806],[-114.02052999954532,51.23908000043555],[-114.03621046512413,51.23785617121996],[-114.051890000803,51.236630000340789],[-114.06701105087018,51.233761081082832],[-114.08213000031162,51.230890000358755],[-114.096251514233,51.226460927977918],[-114.11037000065438,51.222029999623821],[-114.12308680620663,51.216160730547799],[-114.13580000013586,51.210289999931582],[-114.14674188688396,51.203160511123087],[-114.15768000024333,51.196029999964793],[-114.16653175267363,51.187840294150242],[-114.17537999995329,51.179649999194083],[-114.18189141755485,51.17064010548188],[-114.18839999970412,51.161629999421407],[-114.19636000013354,51.14247999960844],[-114.19803999913161,51.122770000205755],[-114.21936249701919,51.122776521517245],[-114.24068499938208,51.122778695191322],[-114.26200750174367,51.122776521227266],[-114.28332999962726,51.122769999625831],[-114.28332999994642,51.066659999738505]]]},"properties":{"OBJECTID":12,"name":"Calgary Intl, AB [CZ] Class C SFC to 3000ft AGL","nameHtml":"Calgary Intl, AB [CZ]\u003cbr\u003eClass C\u003cbr\u003eSFC to 3000ft AGL","nameFr":"Aéroport international de Calgary, AB [CZ]  Classe C  SFC à 3 000 pieds AGL","nameFrHtml":"Aéroport international de Calgary, AB [CZ]\u003cbr\u003e Classe C\u003cbr\u003e SFC à 3 000 pieds AGL","reference":"Control Zone Transponder Required CDAH section: 3.2.4-3","referenceHtml":"Control Zone\u003cbr\u003eTransponder Required\u003cbr\u003eCDAH section: 3.2.4-3","referenceFr":"Zone de contrôle Transponder Required Rubrique CDAH : 3.2.4-3","referenceFrHtml":"Zone de contrôle\u003cbr\u003eTransponder Required\u003cbr\u003eRubrique CDAH : 3.2.4-3","class":"C","type":"CZ","altLow":"0","altLowNum":0,"altLowRef":"AGL","altHigh":"3000AGL","altHighNum":3000,"altHighRef":"AGL","vlosRpas":"-1","Shape_Length":94446.871212331927,"Shape_Area":563832801.12663805}},{"type":"Feature","id":13,"geometry":{"type":"Polygon","coordinates":[[[-113.48241000035028,53.208739999376974],[-113.46850204718085,53.214555850344965],[-113.4545899988817,53.220369999330408],[-113.44256718135672,53.227535611405337],[-113.43054000043911,53.234700000212207],[-113.42077705561039,53.24301037069457],[-113.4110099997197,53.251319999867789],[-113.40379668067558,53.260515159201795],[-113.39657999924709,53.269710000402121],[-113.39214110338945,53.279515001126555],[-113.3877000001186,53.289319999423874],[-113.38464000019322,53.309559999957102],[-113.38751999924042,53.329800000473213],[-113.39187891274784,53.339619998877474],[-113.39624000028651,53.34944000057471],[-113.40339332504331,53.358660155324898],[-113.41055000102165,53.367879999595587],[-113.42028293958074,53.376210367415567],[-113.43001999933564,53.384540000221328],[-113.44203779998482,53.391740609273803],[-113.45406000048976,53.398939999997204],[-113.46800292947124,53.404780851947095],[-113.481950000037,53.410619999832207],[-113.49738831133466,53.414921065099072],[-113.5128299998175,53.419219999595164],[-113.52928889454348,53.421861223052993],[-113.54575000004205,53.424499999917849],[-113.5627346173241,53.425386308387417],[-113.57971999941867,53.426269999934334],[-113.59670038251478,53.425386307786056],[-113.61368000102217,53.424500000256252],[-113.63014610645571,53.421861224014002],[-113.64661000044379,53.419219999685069],[-113.66205168880289,53.414921065242282],[-113.67748999997596,53.410620000029375],[-113.69143207009442,53.404780851245555],[-113.70537000011284,53.398939999663718],[-113.71739720106899,53.39174060958355],[-113.72942000033942,53.38454000008327],[-113.73915706041089,53.376210367331879],[-113.74888999928694,53.36787999956703],[-113.75604667525046,53.358660154958798],[-113.76319999999325,53.34943999987177],[-113.76756108680441,53.339619998193328],[-113.77191999958592,53.329799999808372],[-113.77479000060771,53.309560000242342],[-113.77174000051907,53.289320000371795],[-113.7672988965932,53.279515001356494],[-113.76286000008231,53.26970999991363],[-113.7556433187039,53.260515158787655],[-113.74842999971071,53.251319999527354],[-113.73865794357998,53.243010370870856],[-113.72889000061632,53.2347000000142],[-113.71686781956363,53.227535611130307],[-113.70485000008939,53.220370000073473],[-113.69093295196399,53.214555851252079],[-113.67702000043992,53.208739999178604],[-113.66164333253006,53.204456060682908],[-113.64626999929732,53.200169999695618],[-113.62988391304708,53.197551218561166],[-113.61349999932368,53.194930000496889],[-113.59660962090801,53.19404630138785],[-113.57971999889743,53.193160000473966],[-113.56282537768345,53.19404630185619],[-113.54592999983932,53.194929999892402],[-113.52955108618757,53.197551217355283],[-113.51317000067061,53.200169999383803],[-113.49779166839174,53.204456061327264],[-113.48241000035028,53.208739999376974]]]},"properties":{"OBJECTID":13,"name":"Edmonton Intl, AB [CZ] Class C SFC to 4600ft (2200ft AAE)","nameHtml":"Edmonton Intl, AB [CZ]\u003cbr\u003eClass C\u003cbr\u003eSFC to 4600ft (2200ft AAE)","nameFr":"Aéroport international d&#39;Edmonton, AB [CZ]  Classe C  SFC à 4 600 pieds (2 200 pieds AAE)","nameFrHtml":"Aéroport international d&#39;Edmonton, AB [CZ]\u003cbr\u003e Classe C\u003cbr\u003e SFC à 4 600 pieds (2 200 pieds AAE)","reference":"Control Zone Transponder Required CDAH section: 3.2.4-5","referenceHtml":"Control Zone\u003cbr\u003eTransponder Required\u003cbr\u003eCDAH section: 3.2.4-5","referenceFr":"Zone de contrôle Transponder Required Section CDAH : 3.2.4-5","referenceFrHtml":"Zone de contrôle\u003cbr\u003eTransponder Required\u003cbr\u003eSection CDAH : 3.2.4-5","class":"C","type":"CZ","altLow":"0","altLowNum":0,"altLowRef":"AGL","altHigh":"4600","altHighNum":4600,"altHighRef":"MSL","vlosRpas":"-1","Shape_Length":80847.659014200064,"Shape_Area":518823526.11223215}},{"type":"Feature","id":14,"geometry":{"type":"Polygon","coordinates":[[[-111.17285999982214,56.574949999884161],[-111.14896999952465,56.581069999941072],[-111.12735999885355,56.589379999752005],[-111.11803131512441,56.59450035210201],[-111.10869999994343,56.599620000192147],[-111.1011162411224,56.605560224273916],[-111.09352999966271,56.61150000037901],[-111.08234000018119,56.624640000704098],[-111.07546000020599,56.638649999643306],[-111.07310000029099,56.653100000150353],[-111.0753400001326,56.66755999959841],[-111.08212999976159,56.681590000197332],[-111.09324000072304,56.694750000099297],[-111.10080375694976,56.700700222481608],[-111.10836999972949,56.706649999839385],[-111.1176986751243,56.711790351058077],[-111.12703000051457,56.716929999649054],[-111.14868000091785,56.725269999263666],[-111.17264000022166,56.731409999682839],[-111.1981899995025,56.735179999492864],[-111.22455000027595,56.736449999713273],[-111.25091000009854,56.735180000114539],[-111.27645999915116,56.731410000390525],[-111.30042000018182,56.725269999398961],[-111.3220700007633,56.716929999252876],[-111.33140132533705,56.711790350817282],[-111.34072999991567,56.706649999754568],[-111.34829624322909,56.700700222431678],[-111.35585999998963,56.694750000084632],[-111.36698000042389,56.681589999902293],[-111.37376000046461,56.66755999987857],[-111.37599999967391,56.653099999165221],[-111.37364000031388,56.638650000491971],[-111.36675999967166,56.624640000312041],[-111.35557000013098,56.611500000046277],[-111.34798375852722,56.605560224276502],[-111.34039999956227,56.599620000529661],[-111.3310686844254,56.594500352516938],[-111.32174000074032,56.589380000243921],[-111.30013000008599,56.581070000226596],[-111.27623999914792,56.574950000065456],[-111.25078999939002,56.57120000026449],[-111.22455000007267,56.569939999802727],[-111.19831000034465,56.571200000538987],[-111.17285999982214,56.574949999884161]]]},"properties":{"OBJECTID":14,"name":"Fort McMurray, AB [CZ] Class C SFC to 3000ft AGL","nameHtml":"Fort McMurray, AB [CZ]\u003cbr\u003eClass C\u003cbr\u003eSFC to 3000ft AGL","nameFr":"Fort McMurray, Alberta [CZ]  Classe C  SFC à 3 000 pieds AGL","nameFrHtml":"Fort McMurray, Alberta [CZ]\u003cbr\u003e Classe C\u003cbr\u003e SFC à 3 000 pieds AGL","reference":"Control Zone CDAH section: 3.2.4-7","referenceHtml":"Control Zone\u003cbr\u003eCDAH section: 3.2.4-7","referenceFr":"Zone de contrôle Section MEAD: 3.2.4-7 ","referenceFrHtml":"Zone de contrôle\u003cbr\u003eSection MEAD: 3.2.4-7\u003cbr\u003e","class":"C","type":"CZ","altLow":"0","altLowNum":0,"altLowRef":"AGL","altHigh":"3000AGL","altHighNum":3000,"altHighRef":"AGL","vlosRpas":"-1","Shape_Length":57467.963534950992,"Shape_Area":262142026.27236536}},{"type":"Feature","id":15,"geometry":{"type":"Polygon","coordinates":[[[-114.28332999962726,51.122769999625831],[-114.28333000064659,51.163330000284375],[-114.28331000025591,51.163330000297229],[-114.29994000003964,51.171949999570394],[-114.31873000075305,51.178620000276936],[-114.33903000010208,51.183250000280552],[-114.3390200003318,51.221350000019712],[-114.35890002011108,51.221340656622985],[-114.37878002908607,51.221327542046488],[-114.39866002362861,51.221310656294236],[-114.41854000011051,51.221289999371251],[-114.41849999969246,51.181530000237174],[-114.43841000020177,51.175989999836517],[-114.45658000056666,51.16842999956561],[-114.4725100007438,51.159109999413474],[-114.48580000044853,51.148280000170885],[-114.4960799989629,51.136230000234875],[-114.50307000037674,51.123279999894848],[-114.50659000009114,51.109800000489052],[-114.50654999969615,51.096129999375435],[-114.50294999935061,51.082649999706774],[-114.49588999970932,51.069729999840405],[-114.4855599995674,51.057700000917954],[-114.47224999952063,51.046900000062934],[-114.4563200005168,51.037600000781048],[-114.43818000058542,51.030069999846212],[-114.41832000062161,51.024540000054429],[-114.41826999976197,50.981889999805745],[-114.39849002326761,50.981910629149922],[-114.37871002891434,50.981927505680964],[-114.35893002027575,50.981940629393826],[-114.33915000092563,50.981950000284584],[-114.33914000040176,51.022839999807047],[-114.31884000052847,51.027480000361344],[-114.30002999932047,51.034169999731546],[-114.28332999941203,51.042770000192462],[-114.28332999994642,51.066659999738505],[-114.28332999962726,51.122769999625831]]]},"properties":{"OBJECTID":15,"name":"Springbank, AB [CZ] Class C SFC to 5500ft (1600ft AAE)","nameHtml":"Springbank, AB [CZ]\u003cbr\u003eClass C\u003cbr\u003eSFC to 5500ft (1600ft AAE)","nameFr":"Springbank, AB [CZ]  Classe C  SFC à 5 500 pieds (1 600 pieds AAE)","nameFrHtml":"Springbank, AB [CZ]\u003cbr\u003e Classe C\u003cbr\u003e SFC à 5 500 pieds (1 600 pieds AAE)","reference":"Control Zone Transponder Required CDAH section: 3.2.4-9","referenceHtml":"Control Zone\u003cbr\u003eTransponder Required\u003cbr\u003eCDAH section: 3.2.4-9","referenceFr":"Zone de contrôle Transponder Required Section CDAH : 3.2.4-9","referenceFrHtml":"Zone de contrôle\u003cbr\u003eTransponder Required\u003cbr\u003eSection CDAH : 3.2.4-9","class":"C","type":"CZ","altLow":"0","altLowNum":0,"altLowRef":"AGL","altHigh":"5500","altHighNum":5500,"altHighRef":"MSL","vlosRpas":"-1","Shape_Length":74156.721634053712,"Shape_Area":287457215.18843311}},{"type":"Feature","id":16,"geometry":{"type":"Polygon","coordinates":[[[-110.1886400004303,54.236449999862018],[-110.17625323829932,54.23980952206049],[-110.16386431734374,54.243167696415881],[-110.15147323787748,54.246524522539566],[-110.13908000021513,54.249880000043035],[-110.12787148300448,54.254444127819028],[-110.11666031062676,54.259007170713168],[-110.10544648278933,54.263569128279656],[-110.09422999920008,54.268130000072624],[-110.08453675001502,54.273758678778137],[-110.07484066748498,54.279386571920341],[-110.06514175078865,54.285013679065102],[-110.05543999910471,54.290639999778065],[-110.04755650727668,54.297160728307503],[-110.03967034422385,54.303680971471145],[-110.03178150881492,54.310200728900483],[-110.02388999991813,54.316720000226901],[-110.0180607840432,54.323940330331382],[-110.01222937957911,54.331160440547997],[-110.00639578538465,54.338380330600572],[-110.000560000318,54.345600000212855],[-109.99335788738273,54.361000044829908],[-109.98615000053613,54.376399999709193],[-109.98364103884271,54.392299831251506],[-109.98112999879883,54.408200000286833],[-109.98339905862265,54.424104827273062],[-109.98567000012991,54.440010000116779],[-109.99265718547271,54.455450032976607],[-109.99964999999327,54.4708900002611],[-110.00540423369765,54.478137819405987],[-110.01116064427426,54.485385426009586],[-110.01691923287048,54.492632819798565],[-110.02268000063445,54.499880000499331],[-110.03052097217245,54.506435718244141],[-110.0383646285164,54.512990957746275],[-110.04621097082259,54.519545718638],[-110.05406000024769,54.52610000055148],[-110.06375319749733,54.531761173761431],[-110.07344926250516,54.537421565112361],[-110.08314819612286,54.543081174167888],[-110.09284999920216,54.54874000049135],[-110.10410094323885,54.553336630274735],[-110.11535459120147,54.557932173741975],[-110.12661094340645,54.562526630441802],[-110.13787000016983,54.567119999922831],[-110.15033418619629,54.570509532217415],[-110.16280058177634,54.573897710029954],[-110.17526918660269,54.577284532964754],[-110.18774000036728,54.580670000626036],[-110.21433711192982,54.584823109504839],[-110.24093999955613,54.588969999758056],[-110.26838399836946,54.590368322078028],[-110.29583000072735,54.591760000631986],[-110.32327600223411,54.590368322095657],[-110.35072000019289,54.588969999794053],[-110.37732288810248,54.584823108925008],[-110.40391999994428,54.580669999431336],[-110.4163908134406,54.577284532169152],[-110.42885941799842,54.573897709633954],[-110.4413258133097,54.570509532221415],[-110.45378999906711,54.567120000327314],[-110.465049055799,54.56252663050487],[-110.47630540797199,54.557932173464117],[-110.4875590559021,54.553336629656414],[-110.49880999990582,54.548739999533126],[-110.50851180335994,54.54308117312096],[-110.51821073735229,54.537421563977247],[-110.52790680273466,54.531761172538538],[-110.53760000035868,54.526099999241282],[-110.54544902975084,54.519545717598511],[-110.55329537202452,54.512990956977958],[-110.56113902833641,54.506435717747479],[-110.56897999984275,54.4998800002748],[-110.57473826589677,54.492632819113922],[-110.58049435372986,54.48538542512005],[-110.58624826448968,54.47813781856658],[-110.59199999932331,54.470889999726758],[-110.59899781571519,54.455450033083366],[-110.60598999890603,54.440010000246609],[-110.60826094018495,54.424104827276892],[-110.61052999978403,54.408200000165053],[-110.60801896039378,54.392299831490789],[-110.60550999935687,54.376400000309204],[-110.59830211299652,54.361000044961472],[-110.5911000005503,54.345599999875013],[-110.58526171372917,54.338380330603442],[-110.57942561871999,54.33116044063199],[-110.57359171438043,54.323940330237001],[-110.56775999956892,54.316719999694861],[-110.5598684908188,54.310200728491594],[-110.55197965555676,54.303680971184924],[-110.54409349265099,54.29716072814351],[-110.53621000097024,54.290639999735838],[-110.52651075024399,54.285013678476787],[-110.51681433377469,54.279386571216691],[-110.50712075074105,54.27375867838969],[-110.49743000032169,54.268130000429757],[-110.48621101601931,54.263569129347594],[-110.47499468806026,54.259007171992529],[-110.46378101615269,54.25444412881054],[-110.45257000000419,54.249880000247629],[-110.4401767625254,54.246524522795291],[-110.42778568324209,54.243167696722367],[-110.41539676246883,54.23980952241741],[-110.40301000051953,54.236450000269031],[-110.37662218370016,54.232338085047935],[-110.35023999909475,54.228219999570804],[-110.32303402188103,54.226838292720998],[-110.29582999897198,54.225449999562208],[-110.26862597685505,54.226838293034824],[-110.24142000042964,54.228220000199215],[-110.2150328170717,54.23233808633249],[-110.1886400004303,54.236449999862018]]]},"properties":{"OBJECTID":16,"name":"Cold Lake, AB [CZ] Class D SFC to 8000ft (6200ft AAE)","nameHtml":"Cold Lake, AB [CZ]\u003cbr\u003eClass D\u003cbr\u003eSFC to 8000ft (6200ft AAE)","nameFr":"Cold Lake, Alberta [CZ]  Classe D  SFC à 8 000 pieds (6 200 pieds AAE)","nameFrHtml":"Cold Lake, Alberta [CZ]\u003cbr\u003e Classe D\u003cbr\u003e SFC à 8 000 pieds (6 200 pieds AAE)","reference":"Control Zone CDAH section: 3.2.4-12","referenceHtml":"Control Zone\u003cbr\u003eCDAH section: 3.2.4-12","referenceFr":"Zone de contrôle Section MEAD: 3.2.4-12 ","referenceFrHtml":"Zone de contrôle\u003cbr\u003eSection MEAD: 3.2.4-12\u003cbr\u003e","class":"D","type":"CZ","altLow":"0","altLowNum":0,"altLowRef":"AGL","altHigh":"8000","altHighNum":8000,"altHighRef":"MSL","vlosRpas":"-1","Shape_Length":126801.7675375223,"Shape_Area":1276249205.776145}},{"type":"Feature","id":17,"geometry":{"type":"Polygon","coordinates":[[[-113.8252800009694,52.10648999958741],[-113.80590999949736,52.114799999971986],[-113.78917000005018,52.125050000288411],[-113.77558000001092,52.136919999808391],[-113.76555000018486,52.150060000414967],[-113.75938999973619,52.164069999757629],[-113.75728000000136,52.178529999882166],[-113.75930000029255,52.192989999745443],[-113.76538999985229,52.207010000195595],[-113.77536000062361,52.220170000682941],[-113.7889199996138,52.232069999726335],[-113.80564999951338,52.242350000172848],[-113.82506000097035,52.250689999109746],[-113.84653000014787,52.256829999793936],[-113.8694299999333,52.260590000425736],[-113.89304999996915,52.261860000343084],[-113.91667000113323,52.260589999917755],[-113.93956999972328,52.256829999495956],[-113.96105000022079,52.250690000236474],[-113.98044999992931,52.242349999848436],[-113.99718000047331,52.232069999099451],[-114.01074000001944,52.220169999894615],[-114.02070999988798,52.207010000596874],[-114.02679999998782,52.192989999949731],[-114.02881999915687,52.178529999281096],[-114.02670999906174,52.164069999869696],[-114.02055000017785,52.15006000010316],[-114.01051999940255,52.136920000527773],[-113.99693000062685,52.125050000115877],[-113.98019999926413,52.114800000270343],[-113.96082999966048,52.106490000076434],[-113.93940000025739,52.100359999896177],[-113.91657999988566,52.096610000366489],[-113.89304999955537,52.095350000375412],[-113.86952000030712,52.096609999538444],[-113.8467000004956,52.100359999544644],[-113.8252800009694,52.10648999958741]]]},"properties":{"OBJECTID":17,"name":"Red Deer, AB [CZ] Class D SFC to 3000ft AGL","nameHtml":"Red Deer, AB [CZ]\u003cbr\u003eClass D\u003cbr\u003eSFC to 3000ft AGL","nameFr":"Red Deer, Alberta [CZ]  Classe D  SFC à 3 000 pieds AGL","nameFrHtml":"Red Deer, Alberta [CZ]\u003cbr\u003e Classe D\u003cbr\u003e SFC à 3 000 pieds AGL","reference":"Control Zone CDAH section: 3.2.4-14","referenceHtml":"Control Zone\u003cbr\u003eCDAH section: 3.2.4-14","referenceFr":"Zone de contrôle Section MEAD: 3.2.4-14 ","referenceFrHtml":"Zone de contrôle\u003cbr\u003eSection MEAD: 3.2.4-14\u003cbr\u003e","class":"D","type":"CZ","altLow":"0","altLowNum":0,"altLowRef":"AGL","altHigh":"3000AGL","altHighNum":3000,"altHighRef":"AGL","vlosRpas":"-1","Shape_Length":57881.378435481311,"Shape_Area":265926987.76355132}},{"type":"Feature","id":18,"geometry":{"type":"Polygon","coordinates":[[[-113.78429999975208,53.595370000061202],[-113.76425000063891,53.603690000250843],[-113.74693000051697,53.613930000250285],[-113.73286999953189,53.625809999515802],[-113.72248000001503,53.638949999431446],[-113.71609999971901,53.652959999718611],[-113.71392000061218,53.6674100003044],[-113.71600999977481,53.681869999989516],[-113.72231000049311,53.6959000001006],[-113.73262999921725,53.709060000481657],[-113.74665999935938,53.720960000375634],[-113.76398000060892,53.731239999867469],[-113.78406000022935,53.739570000191947],[-113.80629000020198,53.745719999996922],[-113.82999000049108,53.749480000139606],[-113.85444000016818,53.750750000389232],[-113.87889000014709,53.749480000021023],[-113.90259000005425,53.745720000165754],[-113.92481999987434,53.739569999869346],[-113.94489999950491,53.731240000661423],[-113.96222000012702,53.720959999853633],[-113.97625000001052,53.7090599997589],[-113.98657000010076,53.69590000010944],[-113.99287000009306,53.68186999992048],[-113.99495999992752,53.667409999772616],[-113.99277999915751,53.652960000483084],[-113.98640000001654,53.638950000138024],[-113.97601000036438,53.62581000041272],[-113.96195000019252,53.613930000170889],[-113.9446299997816,53.603689999938595],[-113.92458000058949,53.595370000040155],[-113.90241000080569,53.589250000401421],[-113.87878999901923,53.585499999605453],[-113.85443999908281,53.584239999745265],[-113.83008999995832,53.585499999635665],[-113.80646999937071,53.589249999741959],[-113.78429999975208,53.595370000061202]]]},"properties":{"OBJECTID":18,"name":"Villeneuve, AB [CZ] Class D SFC to 4600ft (2300ft AAE)","nameHtml":"Villeneuve, AB [CZ]\u003cbr\u003eClass D\u003cbr\u003eSFC to 4600ft (2300ft AAE)","nameFr":"Villeneuve, AB [CZ]  Classe D  SFC à 4 600 pieds (2 300 pieds AAE)","nameFrHtml":"Villeneuve, AB [CZ]\u003cbr\u003e Classe D\u003cbr\u003e SFC à 4 600 pieds (2 300 pieds AAE)","reference":"Control Zone CDAH section: 3.2.4-16","referenceHtml":"Control Zone\u003cbr\u003eCDAH section: 3.2.4-16","referenceFr":"Zone de contrôle Section MEAD: 3.2.4-16 ","referenceFrHtml":"Zone de contrôle\u003cbr\u003eSection MEAD: 3.2.4-16\u003cbr\u003e","class":"D","type":"CZ","altLow":"0","altLowNum":0,"altLowRef":"AGL","altHigh":"4600","altHighNum":4600,"altHighRef":"MSL","vlosRpas":"-1","Shape_Length":57710.28090546692,"Shape_Area":264357223.56144145}},{"type":"Feature","id":19,"geometry":{"type":"Polygon","coordinates":[[[-134.95915999984578,60.645619999869659],[-134.94867666130554,60.650740412685472],[-134.93818999955153,60.655860000513336],[-134.92967156514118,60.661795274501159],[-134.92114999939488,60.66773000046507],[-134.91485628038802,60.674300152071091],[-134.90855999926018,60.680869999904985],[-134.90082000091073,60.694879999364652],[-134.89815999939202,60.709329999768528],[-134.90066999985547,60.723790000016351],[-134.90827999857871,60.73782000035623],[-134.91452372258445,60.744405149887484],[-134.92076999974569,60.750989999997003],[-134.92925843124692,60.75694027210875],[-134.93775000024922,60.762890000541944],[-134.94823832502092,60.76803041180586],[-134.95872999982006,60.773169999322491],[-134.97088842418756,60.777340550518126],[-134.98304999997259,60.781509999112195],[-134.99651371322608,60.784585674175695],[-135.00998000034804,60.787660000237786],[-135.03870000040553,60.791430000098252],[-135.06833000057648,60.792689999895245],[-135.0979500007065,60.791429999641899],[-135.12666999880631,60.787660000689101],[-135.14013628639719,60.78458567519683],[-135.15360000011924,60.781510000703541],[-135.16576657632663,60.777340551886695],[-135.17792999981984,60.773169999565141],[-135.18841667397174,60.768030410943425],[-135.19889999969246,60.762889999354485],[-135.20739656934833,60.756940271781907],[-135.21588999965633,60.750989999899971],[-135.222136276768,60.744405149784178],[-135.22838000072505,60.737820000247083],[-135.23599000023597,60.723789999818266],[-135.23849999962815,60.709330000778799],[-135.23583999972098,60.694880000178578],[-135.22809000033541,60.680869999919594],[-135.22179872054747,60.674300151767326],[-135.21551000084614,60.667730000311579],[-135.20698843494168,60.66179527428325],[-135.1984700003737,60.655860000230383],[-135.18797833716278,60.650740412868558],[-135.17748999875045,60.645619999735764],[-135.16535343950378,60.641465550773141],[-135.15322000062054,60.637309999809709],[-135.13980373034545,60.634250672186496],[-135.12638999992569,60.631189999704837],[-135.0977999994399,60.627449999719204],[-135.06832999938493,60.626190000896727],[-135.03885000032955,60.627450000047972],[-135.0102699996653,60.631189999996025],[-134.99685127060255,60.634250672755471],[-134.98343000073737,60.637309999655642],[-134.97129656047375,60.641465550762909],[-134.95915999984578,60.645619999869659]]]},"properties":{"OBJECTID":19,"name":"Whitehorse Intl, YT [CZ] Class D SFC to 3000ft AGL","nameHtml":"Whitehorse Intl, YT [CZ]\u003cbr\u003eClass D\u003cbr\u003eSFC to 3000ft AGL","nameFr":"Aéroport international de Whitehorse, Yukon [CZ]  Classe D  SFC à 3 000 pieds AGL","nameFrHtml":"Aéroport international de Whitehorse, Yukon [CZ]\u003cbr\u003e Classe D\u003cbr\u003e SFC à 3 000 pieds AGL","reference":"Control Zone CDAH section: 3.2.4-18","referenceHtml":"Control Zone\u003cbr\u003eCDAH section: 3.2.4-18","referenceFr":"Zone de contrôle Section MEAD: 3.2.4-18 ","referenceFrHtml":"Zone de contrôle\u003cbr\u003eSection MEAD: 3.2.4-18\u003cbr\u003e","class":"D","type":"CZ","altLow":"0","altLowNum":0,"altLowRef":"AGL","altHigh":"3000AGL","altHighNum":3000,"altHighRef":"AGL","vlosRpas":"-1","Shape_Length":57366.252586569681,"Shape_Area":261215078.38718873}},{"type":"Feature","id":20,"geometry":{"type":"Polygon","coordinates":[[[-114.35045000019686,62.390640000204243],[-114.33761174696221,62.394795587548245],[-114.32476999983541,62.398949999790041],[-114.31367186126823,62.404070444066257],[-114.30256999963034,62.409190000630055],[-114.29355675298316,62.415125299606743],[-114.28453999998396,62.421059999998029],[-114.27788143443141,62.427630172066102],[-114.27122000014243,62.434199999782003],[-114.26302000068014,62.448200000000398],[-114.26019999920496,62.462660000075296],[-114.26284999930488,62.477119999805446],[-114.2709000003136,62.49113999967372],[-114.27749857181368,62.497725169541624],[-114.28409999940986,62.504310000260183],[-114.29308823970199,62.510265297558746],[-114.30207999962963,62.516220000001162],[-114.31317312426435,62.521360442565211],[-114.32426999956847,62.526500000463564],[-114.33714323424405,62.530670588393626],[-114.35002000105771,62.534839999344555],[-114.36426855856119,62.53791571566979],[-114.37851999956706,62.54098999967978],[-114.39371905700879,62.542875812041764],[-114.40892000021692,62.544760000597833],[-114.44027000047666,62.546029999966571],[-114.47163000075028,62.544759999082096],[-114.48682594272955,62.542875810931484],[-114.50201999956289,62.540990000041703],[-114.51627644151205,62.537915716511584],[-114.53052999894621,62.534839999666325],[-114.54340176464599,62.530670588096292],[-114.55626999957897,62.526500000451215],[-114.56737187602975,62.521360442779752],[-114.57847000012069,62.516219999663811],[-114.58745675897049,62.510265296858201],[-114.59644000014276,62.504309999828159],[-114.60304642948194,62.497725169414949],[-114.60965000056174,62.491139999388743],[-114.617699999613,62.477120000027575],[-114.62034999939149,62.462659999812452],[-114.6175300004365,62.448199999575387],[-114.60933000026337,62.434199999573778],[-114.6026685654864,62.427630172196174],[-114.59600999944661,62.421060000465992],[-114.58698824617852,62.415125300184904],[-114.5779700012074,62.409190000682614],[-114.56687313989259,62.404070443856774],[-114.55577999997146,62.398950000100129],[-114.54293325214786,62.394795588026284],[-114.53008999957686,62.39063999994422],[-114.51589357956279,62.387585713698037],[-114.50169999887461,62.384529999506398],[-114.48657907141126,62.38265580737135],[-114.47145999982789,62.380780000008492],[-114.44027000063946,62.379520000646565],[-114.40908999979621,62.380779999983602],[-114.39396592802693,62.382655808022669],[-114.3788399997628,62.384529999767324],[-114.36464641964305,62.387585713958273],[-114.35045000019686,62.390640000204243]]]},"properties":{"OBJECTID":20,"name":"Yellowknife, NT [CZ] Class D SFC to 3000ft AGL","nameHtml":"Yellowknife, NT [CZ]\u003cbr\u003eClass D\u003cbr\u003eSFC to 3000ft AGL","nameFr":"Yellowknife, Territoires du Nord-Ouest [CZ]  Classe D  SFC à 3 000 pieds AGL","nameFrHtml":"Yellowknife, Territoires du Nord-Ouest [CZ]\u003cbr\u003e Classe D\u003cbr\u003e SFC à 3 000 pieds AGL","reference":"Control Zone CDAH section: 3.2.4-20","referenceHtml":"Control Zone\u003cbr\u003eCDAH section: 3.2.4-20","referenceFr":"Zone de contrôle Section MEAD: 3.2.4-20 ","referenceFrHtml":"Zone de contrôle\u003cbr\u003eSection MEAD: 3.2.4-20\u003cbr\u003e","class":"D","type":"CZ","altLow":"0","altLowNum":0,"altLowRef":"AGL","altHigh":"3000AGL","altHighNum":3000,"altHighRef":"AGL","vlosRpas":"-1","Shape_Length":57408.773209861196,"Shape_Area":261602509.26141545}},{"type":"Feature","id":21,"geometry":{"type":"Polygon","coordinates":[[[-97.208740000350971,49.795219999442985],[-97.193535937409294,49.797846127114902],[-97.178330000567783,49.800469999481045],[-97.164056434477288,49.804750977185499],[-97.149779999503835,49.809030000443805],[-97.136876762151999,49.814845773267685],[-97.123970000347867,49.820660000034408],[-97.112816880585243,49.827835542515132],[-97.101660000780853,49.835010000855405],[-97.092601769939208,49.843320310405332],[-97.083540000996976,49.851629999562988],[-97.076851446837679,49.86082510585527],[-97.070160000820039,49.870020000127788],[-97.06192999990968,49.889629999860567],[-97.059099999725831,49.909869999664721],[-97.06178000058766,49.930109999648039],[-97.069869999244119,49.949750000349169],[-97.076513557191021,49.958965103379249],[-97.083159999688803,49.968180000134275],[-97.092357137535132,49.976666518842919],[-97.101230000250965,49.984849999515028],[-97.103774522365498,49.986491933470049],[-97.114828564974644,49.993622781257727],[-97.123540000721306,49.999240000134478],[-97.126020131551599,50.000359337902395],[-97.137713611097823,50.005635301733932],[-97.149409999746183,50.010910000059901],[-97.163728546649153,50.015215979435062],[-97.178050001018505,50.019520000170687],[-97.193319051803456,50.022156132098054],[-97.208590000522577,50.024789999700218],[-97.224339671533912,50.02567621311109],[-97.240090000077842,50.026560000265235],[-97.25584032868025,50.025676212993737],[-97.271589999749054,50.024789999465618],[-97.286860948673791,50.022156131856924],[-97.302129999663507,50.019519999923347],[-97.316451453104946,50.015215979038864],[-97.330769999079507,50.010909999515611],[-97.343706778465645,50.005075774088048],[-97.356639998969058,49.999240000547459],[-97.367796891275049,49.992045540874201],[-97.378950000126977,49.984849999949063],[-97.387986774395799,49.976515307716518],[-97.397019999870679,49.968180000632685],[-97.403661441198935,49.958965102935537],[-97.410300000147188,49.949749999615015],[-97.418400000092618,49.93010999991683],[-97.421080001079304,49.909869999518584],[-97.418250000780446,49.889630000014755],[-97.410020000223597,49.870019999727276],[-97.40332855456073,49.860825105749164],[-97.396640000756591,49.851629999750827],[-97.387578231530512,49.843320310086405],[-97.378520000405686,49.835010000029051],[-97.367363120616474,49.827835541958152],[-97.356210000868856,49.820659999746184],[-97.343303238262166,49.814845772935868],[-97.330400000107673,49.809030000067636],[-97.316123565220224,49.804750977310519],[-97.301849999214795,49.800470000106763],[-97.286644062473002,49.797846127914269],[-97.27143999963009,49.795220000415753],[-97.255764674125558,49.794336207693647],[-97.240089999873604,49.793450000201425],[-97.22441532573886,49.794336207207188],[-97.208740000350971,49.795219999442985]]]},"properties":{"OBJECTID":21,"name":"Winnipeg/James Armstrong Richardson Intl, MB [CZ] Class C SFC to 3000ft (2200ft AAE)","nameHtml":"Winnipeg/James Armstrong Richardson Intl, MB [CZ]\u003cbr\u003eClass C\u003cbr\u003eSFC to 3000ft (2200ft AAE)","nameFr":"Winnipeg/Aéroport international James Armstrong Richardson, MB [CZ]  Classe C  SFC à 3 000 pieds (2 200 pieds AAE)","nameFrHtml":"Winnipeg/Aéroport international James Armstrong Richardson, MB [CZ]\u003cbr\u003e Classe C\u003cbr\u003e SFC à 3 000 pieds (2 200 pieds AAE)","reference":"Control Zone Transponder Required CDAH section: 3.3.4-3","referenceHtml":"Control Zone\u003cbr\u003eTransponder Required\u003cbr\u003eCDAH section: 3.3.4-3","referenceFr":"Zone de contrôle Transponder Required Rubrique CDAH : 3.3.4-3","referenceFrHtml":"Zone de contrôle\u003cbr\u003eTransponder Required\u003cbr\u003eRubrique CDAH : 3.3.4-3","class":"C","type":"CZ","altLow":"0","altLowNum":0,"altLowRef":"AGL","altHigh":"3000","altHighNum":3000,"altHighRef":"MSL","vlosRpas":"-1","Shape_Length":81486.862020005414,"Shape_Area":527059491.6604225}},{"type":"Feature","id":22,"geometry":{"type":"Polygon","coordinates":[[[-105.48605999914651,50.170460000191326],[-105.46546248519886,50.175562036653517],[-105.44485999963698,50.180660000048547],[-105.42589825433029,50.187911686116891],[-105.40693000078069,50.195160000582845],[-105.39014865626216,50.204361263913164],[-105.37335999980547,50.213560000382557],[-105.35923864008329,50.224440818783457],[-105.34511000047765,50.235320000421353],[-105.33405820896297,50.247570400772439],[-105.32299999924061,50.259820000173498],[-105.31534240899798,50.273085057849222],[-105.30768000051167,50.286350000153377],[-105.30363633473986,50.300254829769251],[-105.29959000031872,50.314159999954462],[-105.29899000028095,50.342449999742591],[-105.30244385387044,50.35641980687577],[-105.30590000024279,50.370389999787832],[-105.31294775250301,50.383805010721687],[-105.31999999997512,50.397220000300386],[-105.33875096431386,50.396919451331875],[-105.35750165919634,50.396615487596321],[-105.37625208158408,50.396308109175735],[-105.39500222843891,50.395997316153064],[-105.41375209672289,50.395683108612161],[-105.43250168339836,50.395365486637772],[-105.45125098542793,50.395044450315588],[-105.46999999977449,50.394719999732217],[-105.48568379430002,50.402500853755612],[-105.50137339164199,50.41027947292482],[-105.51706879323696,50.418055855661713],[-105.5327700005199,50.425830000387712],[-105.55617427034794,50.425709859585318],[-105.57957840345027,50.425584401753738],[-105.60298239390821,50.425453626945647],[-105.62638623580325,50.425317535215989],[-105.6497899232171,50.425176126621977],[-105.67319345023178,50.42502940122295],[-105.69659681092951,50.424877359080646],[-105.71999999939268,50.424720000258894],[-105.73930238421013,50.43041676699255],[-105.75860999976898,50.436109999265945],[-105.77191856986072,50.424830696260429],[-105.78522000037928,50.413549999904838],[-105.79461786146668,50.400740218314077],[-105.80401000023433,50.387929999637905],[-105.80985689489803,50.37428492705147],[-105.81569999954998,50.360640000404892],[-105.81997999986804,50.332489999883428],[-105.81672999993549,50.304279999372469],[-105.81139326360766,50.290554894606743],[-105.80606000072123,50.276830000173895],[-105.79716727064215,50.263875167268061],[-105.78828000075158,50.25091999991173],[-105.77610159567968,50.239115540904862],[-105.76393000106822,50.227309999660989],[-105.74881630737856,50.216990974185364],[-105.7337099992429,50.206670000159619],[-105.71609143856412,50.198131417978573],[-105.69847999996504,50.189589999653712],[-105.67887697767939,50.183076818147228],[-105.65927999904113,50.176559999363526],[-105.63824285966376,50.172262134752657],[-105.61721000025533,50.167960000382713],[-105.59534398118318,50.165992328245771],[-105.5734800000352,50.164020000024827],[-105.55141021920059,50.164442376968857],[-105.52933999982402,50.164860000067463],[-105.5077014329045,50.167662275139826],[-105.48605999914651,50.170460000191326]]]},"properties":{"OBJECTID":22,"name":"Moose Jaw, SK [CZ] Class D SFC to 8000ft (6100ft AAE)","nameHtml":"Moose Jaw, SK [CZ]\u003cbr\u003eClass D\u003cbr\u003eSFC to 8000ft (6100ft AAE)","nameFr":"Moose Jaw, Saskatchewan [CZ]  Classe D  SFC à 8 000 pieds (6 100 pieds AAE)","nameFrHtml":"Moose Jaw, Saskatchewan [CZ]\u003cbr\u003e Classe D\u003cbr\u003e SFC à 8 000 pieds (6 100 pieds AAE)","reference":"Control Zone CDAH section: 3.3.4-6","referenceHtml":"Control Zone\u003cbr\u003eCDAH section: 3.3.4-6","referenceFr":"Zone de contrôle Section MEAD: 3.3.4-6 ","referenceFrHtml":"Zone de contrôle\u003cbr\u003eSection MEAD: 3.3.4-6\u003cbr\u003e","class":"D","type":"CZ","altLow":"0","altLowNum":0,"altLowRef":"AGL","altHigh":"8000","altHighNum":8000,"altHighRef":"MSL","vlosRpas":"-1","Shape_Length":111287.48478059002,"Shape_Area":868189896.24837708}},{"type":"Feature","id":23,"geometry":{"type":"Polygon","coordinates":[[[-104.62119999957841,50.353699999777085],[-104.60057999973544,50.359819999808032],[-104.581929999919,50.368130000274952],[-104.56581999899102,50.378380000258382],[-104.55273999949343,50.390260000269166],[-104.5430899993811,50.403400000259673],[-104.5371599989373,50.417410000546937],[-104.53513000033618,50.431869999893081],[-104.53708000023069,50.446330000120682],[-104.54294000073432,50.460349999520837],[-104.55254000060422,50.473510000573967],[-104.56559000059244,50.485410000078595],[-104.58169999960758,50.495690000387057],[-104.60038000030367,50.50402000076523],[-104.62105000034477,50.510160000044131],[-104.64309000011552,50.513930000338824],[-104.66583000042745,50.51518999994191],[-104.68856000071183,50.513929999680272],[-104.71060000008136,50.510160000016334],[-104.73127999903225,50.504020000041578],[-104.74994999963464,50.495689999567254],[-104.76606000071686,50.485410000268963],[-104.77912000022818,50.473509999404527],[-104.78871999975262,50.460349999996566],[-104.79457999944857,50.446329999900684],[-104.79652999921859,50.431870000274529],[-104.79449999972111,50.417409999709783],[-104.7885699994164,50.403400000250137],[-104.77892000066262,50.390259999863034],[-104.76584000018477,50.37838000012659],[-104.74972999999569,50.368129999577476],[-104.73107999932165,50.359820000095304],[-104.71046000024467,50.353700000316778],[-104.6884800004224,50.349950000275172],[-104.6658300002468,50.348690000432768],[-104.64316999973212,50.349949999252843],[-104.62119999957841,50.353699999777085]]]},"properties":{"OBJECTID":23,"name":"Regina Intl, SK [CZ] Class D SFC to 5000ft (3100ft AAE)","nameHtml":"Regina Intl, SK [CZ]\u003cbr\u003eClass D\u003cbr\u003eSFC to 5000ft (3100ft AAE)","nameFr":"Aéroport international de Regina, Saskatchewan [CZ]  Classe D  SFC à 5 000 pieds (3 100 pieds AAE)","nameFrHtml":"Aéroport international de Regina, Saskatchewan [CZ]\u003cbr\u003e Classe D\u003cbr\u003e SFC à 5 000 pieds (3 100 pieds AAE)","reference":"Control Zone CDAH section: 3.3.4-8","referenceHtml":"Control Zone\u003cbr\u003eCDAH section: 3.3.4-8","referenceFr":"Zone de contrôle Section MEAD: 3.3.4-8 ","referenceFrHtml":"Zone de contrôle\u003cbr\u003eSection MEAD: 3.3.4-8\u003cbr\u003e","class":"D","type":"CZ","altLow":"0","altLowNum":0,"altLowRef":"AGL","altHigh":"5000","altHighNum":5000,"altHighRef":"MSL","vlosRpas":"-1","Shape_Length":58124.17588030245,"Shape_Area":268162529.68209097}},{"type":"Feature","id":24,"geometry":{"type":"Polygon","coordinates":[[[-106.65336999969139,52.09258999956306],[-106.63195000066827,52.09870999922132],[-106.6125900003296,52.107019999982555],[-106.595859999909,52.117270000020461],[-106.58227000020264,52.12914000078797],[-106.57223999971812,52.142289999949874],[-106.56608000013729,52.156300000372049],[-106.56397000018588,52.170749999396357],[-106.565989999132,52.185209999864121],[-106.57208000063208,52.199229999935262],[-106.58205000013554,52.212400000061393],[-106.59561000093269,52.224299999875257],[-106.612339999795,52.234570000099104],[-106.63172999999919,52.242910000127459],[-106.65320999946725,52.249049999425928],[-106.67609999937662,52.25280999925149],[-106.69971999990827,52.254080000069976],[-106.72332999979901,52.252809999466862],[-106.74622999954147,52.249049999867047],[-106.76769999970367,52.242910000164969],[-106.78709999930784,52.234570000495324],[-106.80383000053388,52.224300000098012],[-106.81739000085403,52.212400000414029],[-106.82736000023478,52.199230000410076],[-106.83343999943378,52.18521000004705],[-106.83546000071995,52.170749999519288],[-106.83335999962796,52.156300000130031],[-106.82719000038942,52.142290000889801],[-106.81716999944683,52.129140000400625],[-106.80358000080093,52.117269999944646],[-106.78685000052047,52.107019999917632],[-106.76748000003305,52.098709999821132],[-106.74606000025064,52.092590000239191],[-106.72324999965281,52.088840000208783],[-106.69972000121304,52.087569999572615],[-106.67618999989965,52.088840000496198],[-106.65336999969139,52.09258999956306]]]},"properties":{"OBJECTID":24,"name":"Saskatoon/John G. Diefenbaker Intl, SK [CZ] Class D SFC to 5000ft (3300ft AAE)","nameHtml":"Saskatoon/John G. Diefenbaker Intl, SK [CZ]\u003cbr\u003eClass D\u003cbr\u003eSFC to 5000ft (3300ft AAE)","nameFr":"Saskatoon/John G. Diefenbaker Intl, Saskatchewan [CZ]  Classe D  SFC à 5 000 pieds (3 300 pieds AAE)","nameFrHtml":"Saskatoon/John G. Diefenbaker Intl, Saskatchewan [CZ]\u003cbr\u003e Classe D\u003cbr\u003e SFC à 5 000 pieds (3 300 pieds AAE)","reference":"Control Zone CDAH section: 3.3.4-10","referenceHtml":"Control Zone\u003cbr\u003eCDAH section: 3.3.4-10","referenceFr":"Zone de contrôle Section MEAD: 3.3.4-10 ","referenceFrHtml":"Zone de contrôle\u003cbr\u003eSection MEAD: 3.3.4-10\u003cbr\u003e","class":"D","type":"CZ","altLow":"0","altLowNum":0,"altLowRef":"AGL","altHigh":"5000","altHighNum":5000,"altHighRef":"MSL","vlosRpas":"-1","Shape_Length":57881.817485667212,"Shape_Area":265930994.16218838}},{"type":"Feature","id":25,"geometry":{"type":"Polygon","coordinates":[[[-98.223389999961711,49.739820000497026],[-98.20228695258939,49.743767172271866],[-98.181180000624636,49.747710000390562],[-98.161412874822332,49.753911871698946],[-98.141639999481356,49.76010999962935],[-98.12378346460514,49.768381476683608],[-98.105919999430469,49.77665000005549],[-98.090483662861772,49.786761033947386],[-98.075039999245092,49.7968699995156],[-98.06247343955603,49.808525592828367],[-98.049900000089139,49.82017999980642],[-98.040577817448039,49.833040203946069],[-98.031250000533475,49.845899999777075],[-98.025436871212861,49.859589913937953],[-98.01961999957021,49.873280000545435],[-98.015380000153215,49.901549999790731],[-98.018650000773519,49.92985999973881],[-98.024363157802142,49.943554909351406],[-98.030080000585684,49.957249999835589],[-98.048247603421473,49.961067296597854],[-98.066418472267145,49.964881396210181],[-98.084592605232146,49.968692297688726],[-98.10277000042332,49.972500000050246],[-98.127982044840181,49.972723598248514],[-98.153194351194216,49.972940967137603],[-98.178406912088533,49.973152106610975],[-98.203619720125886,49.973357016565132],[-98.228832767908543,49.973555696899666],[-98.254046048038404,49.973748147517163],[-98.279259553116887,49.973934368323334],[-98.304473275745067,49.974114359226846],[-98.329687208523595,49.974288120139526],[-98.354901344052792,49.974455650976196],[-98.380115674932611,49.974616951654689],[-98.405330193762651,49.974772022096019],[-98.430544893142198,49.974920862224081],[-98.45575976567018,49.975063471966003],[-98.480974803945244,49.975199851251816],[-98.506190000565766,49.975330000014694],[-98.514352532764789,49.962155094777046],[-98.522510000219995,49.948979999881743],[-98.526721381142039,49.935044827055272],[-98.530929999833859,49.921109999664772],[-98.531870000116172,49.892720000231101],[-98.528588917594831,49.878684788371018],[-98.525310000019815,49.864650000320204],[-98.518382805944896,49.85116999097869],[-98.511459999416232,49.837690000096366],[-98.501086950543183,49.825170316948146],[-98.490720000692249,49.81265000004224],[-98.477216447934296,49.801440726417262],[-98.463720000802596,49.790230000469542],[-98.447471353914281,49.780666174292342],[-98.431229999592006,49.77109999960215],[-98.412711675114608,49.763446607419056],[-98.394200000142618,49.755790000202879],[-98.373952381400557,49.75027697617449],[-98.353709999448412,49.744759999556436],[-98.33230838391782,49.741542240319376],[-98.310909999802405,49.738319999621162],[-98.288979573136245,49.737492367210884],[-98.267049999968677,49.736660000460994],[-98.245220808641307,49.738242343604639],[-98.223389999961711,49.739820000497026]]]},"properties":{"OBJECTID":25,"name":"Southport, MB [CZ] Class D SFC to 4000ft (3100ft AAE)","nameHtml":"Southport, MB [CZ]\u003cbr\u003eClass D\u003cbr\u003eSFC to 4000ft (3100ft AAE)","nameFr":"Southport, MB [CZ]  Classe D  SFC à 4 000 pieds (3 100 pieds AAE)","nameFrHtml":"Southport, MB [CZ]\u003cbr\u003e Classe D\u003cbr\u003e SFC à 4 000 pieds (3 100 pieds AAE)","reference":"Control Zone CDAH section: 3.3.4-12","referenceHtml":"Control Zone\u003cbr\u003eCDAH section: 3.3.4-12","referenceFr":"Zone de contrôle Section MEAD: 3.3.4-12 ","referenceFrHtml":"Zone de contrôle\u003cbr\u003eSection MEAD: 3.3.4-12\u003cbr\u003e","class":"D","type":"CZ","altLow":"0","altLowNum":0,"altLowRef":"AGL","altHigh":"4000","altHighNum":4000,"altHighRef":"MSL","vlosRpas":"-1","Shape_Length":107179.01942816986,"Shape_Area":816958471.67807221}},{"type":"Feature","id":26,"geometry":{"type":"Polygon","coordinates":[[[-96.975769999579015,49.981400000080015],[-96.956650000143995,49.988749999140445],[-96.939770000197868,49.998099999763838],[-96.925630000727921,50.009169999834874],[-96.914639999204297,50.021629999747759],[-96.90713000078587,50.035110000322348],[-96.903329999582667,50.049230000134017],[-96.9033500004861,50.063549999657489],[-96.907190000603265,50.077659999688088],[-96.914750000026814,50.091129999615063],[-96.925809999696099,50.103580000234857],[-96.940030000760828,50.114619999920883],[-96.95700000087632,50.123939999623559],[-96.976209999761139,50.131250000203686],[-96.997100000810448,50.136330000093636],[-97.019040001053128,50.13904000026929],[-97.041380000332524,50.139280000267512],[-97.041380001067751,50.12255999925317],[-97.058509999469436,50.120719999773485],[-97.074899999893731,50.117040000167314],[-97.090099999646839,50.111660000406644],[-97.103689999677314,50.104719999845258],[-97.115280000823731,50.096440000176848],[-97.124549999772412,50.087020000202052],[-97.131250000393607,50.076749999476],[-97.135179999446621,50.065900000341834],[-97.136239999448378,50.05478999998563],[-97.134400000234223,50.043709999340464],[-97.129720000696523,50.032989999874786],[-97.122320000571108,50.022919999824957],[-97.112260000264115,50.013869999821551],[-97.126020131551599,50.000359337902395],[-97.126050000813279,50.000330000062164],[-97.114828564974644,49.993622781257727],[-97.105759999728335,49.988200000009684],[-97.103774522365498,49.986491933470049],[-97.092357137535132,49.976666518842919],[-97.089189999723246,49.973940000683996],[-97.083779999533277,49.979859999700707],[-97.062689999954571,49.975269999459684],[-97.040670000264853,49.973149999425381],[-97.018409999506403,49.973479999579226],[-96.996560000355402,49.976259999875793],[-96.975769999579015,49.981400000080015]]]},"properties":{"OBJECTID":26,"name":"St. Andrews, MB [CZ] Class D SFC to 3000ft (2200ft AAE)","nameHtml":"St. Andrews, MB [CZ]\u003cbr\u003eClass D\u003cbr\u003eSFC to 3000ft (2200ft AAE)","nameFr":"St. Andrews, Manitoba [CZ]  Classe D  SFC à 3 000 pieds (2 200 pieds AAE)","nameFrHtml":"St. Andrews, Manitoba [CZ]\u003cbr\u003e Classe D\u003cbr\u003e SFC à 3 000 pieds (2 200 pieds AAE)","reference":"Control Zone CDAH section: 3.3.4-14","referenceHtml":"Control Zone\u003cbr\u003eCDAH section: 3.3.4-14","referenceFr":"Zone de contrôle Section MEAD: 3.3.4-14 ","referenceFrHtml":"Zone de contrôle\u003cbr\u003eSection MEAD: 3.3.4-14\u003cbr\u003e","class":"D","type":"CZ","altLow":"0","altLowNum":0,"altLowRef":"AGL","altHigh":"3000","altHighNum":3000,"altHighRef":"MSL","vlosRpas":"-1","Shape_Length":58006.602538373903,"Shape_Area":234968653.37151402}},{"type":"Feature","id":27,"geometry":{"type":"Polygon","coordinates":[[[-89.323880000362962,48.288690000802447],[-89.302159999510366,48.28995000049639],[-89.281089999462338,48.293700000093459],[-89.261310000348246,48.299819999952],[-89.24343000057857,48.308139999859137],[-89.227980000320898,48.318389999988348],[-89.215440000284204,48.330260000034926],[-89.206179999996621,48.343400000252849],[-89.200499999225016,48.357419999880378],[-89.198560000580329,48.371870000034995],[-89.200429999853313,48.386330000806566],[-89.206050000164524,48.400349999904165],[-89.21525999959691,48.413520000266047],[-89.227779999877328,48.42541000003142],[-89.243220000212716,48.435690000250396],[-89.261130000486844,48.444020000432808],[-89.280950000639336,48.450159999367266],[-89.302089999962092,48.453929999410107],[-89.323879999816626,48.455190000047551],[-89.345679999680442,48.453929999901511],[-89.366809999791215,48.450159999707488],[-89.386639999781352,48.444020000672417],[-89.404539999850925,48.435690000298166],[-89.41999000048861,48.425410000232624],[-89.432509999756206,48.413519999527367],[-89.441720000685223,48.400349999288139],[-89.447339999849532,48.38632999982039],[-89.449209999969113,48.371870000450414],[-89.447270000552308,48.357420000182238],[-89.441590000598495,48.343399999418182],[-89.432330000021921,48.330259999990936],[-89.419790000967154,48.318390000154182],[-89.404340000408979,48.308139999153418],[-89.386459999602636,48.299819999890516],[-89.366680000570213,48.293700000033461],[-89.345610000224966,48.289949999967661],[-89.323880000362962,48.288690000802447]]]},"properties":{"OBJECTID":27,"name":"Thunder Bay, ON [CZ] Class D SFC to 4000ft (3300ft AAE)","nameHtml":"Thunder Bay, ON [CZ]\u003cbr\u003eClass D\u003cbr\u003eSFC to 4000ft (3300ft AAE)","nameFr":"Thunder Bay, ON [CZ]  Classe D  SFC à 4 000 pieds (3 300 pieds AAE)","nameFrHtml":"Thunder Bay, ON [CZ]\u003cbr\u003e Classe D\u003cbr\u003e SFC à 4 000 pieds (3 300 pieds AAE)","reference":"Control Zone CDAH section: 3.3.4-16","referenceHtml":"Control Zone\u003cbr\u003eCDAH section: 3.3.4-16","referenceFr":"Zone de contrôle Section MEAD: 3.3.4-16 ","referenceFrHtml":"Zone de contrôle\u003cbr\u003eSection MEAD: 3.3.4-16\u003cbr\u003e","class":"D","type":"CZ","altLow":"0","altLowNum":0,"altLowRef":"AGL","altHigh":"4000","altHighNum":4000,"altHighRef":"MSL","vlosRpas":"-1","Shape_Length":58466.831427909339,"Shape_Area":271333463.9709599}},{"type":"Feature","id":28,"geometry":{"type":"Polygon","coordinates":[[[-80.378609999436478,43.377569999779425],[-80.358720000561604,43.378840000362601],[-80.339430000013309,43.38258999955535],[-80.32132000018521,43.388709999701888],[-80.304960000144717,43.397029999869979],[-80.290820000852463,43.407280000526242],[-80.279340000183339,43.419159999633081],[-80.270880001043366,43.432299999532546],[-80.26567999972815,43.446320000490616],[-80.263909999492384,43.460769999604103],[-80.265619999740977,43.475230000707221],[-80.270769999888529,43.489249999796584],[-80.279209999725325,43.502409999624561],[-80.290660000293272,43.514309999865418],[-80.304799999987594,43.52458000003849],[-80.321190000950281,43.532909999539385],[-80.339329999623899,43.53905000010181],[-80.358660000436117,43.542820000170067],[-80.378610000052703,43.544080000417594],[-80.398550000168456,43.542819999721146],[-80.417889999618708,43.539050000106798],[-80.436019999249396,43.532910000679209],[-80.452409999869715,43.524579999922018],[-80.466549999376014,43.51430999967593],[-80.47801000040765,43.502409999632306],[-80.486439999634726,43.489250000773531],[-80.491590000454408,43.47522999995325],[-80.493310000548888,43.460770000513442],[-80.491540000722409,43.44631999955633],[-80.486339999775979,43.432300000069063],[-80.477869999519072,43.4191600006613],[-80.46639000022364,43.407279999965944],[-80.452259999175567,43.397029999608776],[-80.435889999232643,43.388710000358763],[-80.41778000020885,43.38258999976555],[-80.398500000452472,43.378839999902965],[-80.378609999436478,43.377569999779425]]]},"properties":{"OBJECTID":28,"name":"Kitchener/Waterloo, ON [CZ] Class C SFC to 4000ft (2900ft AAE)","nameHtml":"Kitchener/Waterloo, ON [CZ]\u003cbr\u003eClass C\u003cbr\u003eSFC to 4000ft (2900ft AAE)","nameFr":"Kitchener/Waterloo, ON [CZ]  Classe C  SFC à 4 000 pieds (2 900 pieds AAE)","nameFrHtml":"Kitchener/Waterloo, ON [CZ]\u003cbr\u003e Classe C\u003cbr\u003e SFC à 4 000 pieds (2 900 pieds AAE)","reference":"Control Zone Transponder Required CDAH section: 3.4.4-3","referenceHtml":"Control Zone\u003cbr\u003eTransponder Required\u003cbr\u003eCDAH section: 3.4.4-3","referenceFr":"Zone de contrôle Transponder Required Section CDAH : 3.4.4-3","referenceFrHtml":"Zone de contrôle\u003cbr\u003eTransponder Required\u003cbr\u003eSection CDAH : 3.4.4-3","class":"C","type":"CZ","altLow":"0","altLowNum":0,"altLowRef":"AGL","altHigh":"4000","altHighNum":4000,"altHighRef":"MSL","vlosRpas":"-1","Shape_Length":59536.532717670103,"Shape_Area":281352452.92853403}},{"type":"Feature","id":29,"geometry":{"type":"Polygon","coordinates":[[[-81.1511599992957,42.949739999202322],[-81.131410000515686,42.95099999951406],[-81.112259999354663,42.954760000595698],[-81.094279999570915,42.960880000519431],[-81.078030000854952,42.969200000652755],[-81.063989999384447,42.979449999699533],[-81.052589999883253,42.991329999289526],[-81.044179999821608,43.004469999968251],[-81.039020000262013,43.018480000468323],[-81.037270000838518,43.03293999950322],[-81.038970000241719,43.047400000646739],[-81.044080000397329,43.061420000206311],[-81.052460000101618,43.07457999993963],[-81.063840000536672,43.086479999945979],[-81.077869999697313,43.096749999892886],[-81.094149998906843,43.105079999874995],[-81.112159999905842,43.111220000279353],[-81.131360000467211,43.114979999900029],[-81.151160000842211,43.116249999970073],[-81.170970000230497,43.114979999453595],[-81.190169999645576,43.111220000324991],[-81.208179999831501,43.105079999957887],[-81.224449999159845,43.096749999801112],[-81.23849000041298,43.086480000356474],[-81.249869999178259,43.074579999411938],[-81.258240000430504,43.061420000218547],[-81.263350001072737,43.0474000000168],[-81.265059999891832,43.032940000110088],[-81.263300000050322,43.01848000011136],[-81.258139999866657,43.004469999585297],[-81.249730000006039,42.991330000139548],[-81.238340000981097,42.979449999349171],[-81.224299999781721,42.969200000018716],[-81.208039999932495,42.960879999758987],[-81.190069999828239,42.954759999863228],[-81.1709099997382,42.951000000009287],[-81.1511599992957,42.949739999202322]]]},"properties":{"OBJECTID":29,"name":"London, ON [CZ] Class C SFC to 3000ft (2100ft AAE)","nameHtml":"London, ON [CZ]\u003cbr\u003eClass C\u003cbr\u003eSFC to 3000ft (2100ft AAE)","nameFr":"Londres, ON [CZ]  Classe C  SFC à 3 000 pieds (2 100 pieds AAE)","nameFrHtml":"Londres, ON [CZ]\u003cbr\u003e Classe C\u003cbr\u003e SFC à 3 000 pieds (2 100 pieds AAE)","reference":"Control Zone Transponder Required CDAH section: 3.4.4-5","referenceHtml":"Control Zone\u003cbr\u003eTransponder Required\u003cbr\u003eCDAH section: 3.4.4-5","referenceFr":"Zone de contrôle Transponder Required Section CDAH : 3.4.4-5","referenceFrHtml":"Zone de contrôle\u003cbr\u003eTransponder Required\u003cbr\u003eSection CDAH : 3.4.4-5","class":"C","type":"CZ","altLow":"0","altLowNum":0,"altLowRef":"AGL","altHigh":"3000","altHighNum":3000,"altHighRef":"MSL","vlosRpas":"-1","Shape_Length":59646.501940059708,"Shape_Area":282392749.88922226}},{"type":"Feature","id":30,"geometry":{"type":"Polygon","coordinates":[[[-79.363880000151653,43.547580000173099],[-79.346909999438793,43.55224999956485],[-79.331170000057824,43.558800000307507],[-79.317040000397427,43.567060000103488],[-79.304880000168637,43.576830000516807],[-79.294990000004205,43.587859999924547],[-79.287619999247084,43.59988000021913],[-79.282960000250924,43.612599999926708],[-79.281399999690692,43.625689999683829],[-79.279999999018159,43.671140000043309],[-79.287626266759801,43.689346401141627],[-79.295258351816344,43.707553536345273],[-79.302896260641006,43.725761403586347],[-79.310539999696147,43.743970000794974],[-79.333454291632549,43.739261035784843],[-79.356364058473673,43.734546379154963],[-79.379269296008729,43.729826032978593],[-79.402170000033053,43.725099999330872],[-79.398300000386016,43.706749999545529],[-79.416474471579946,43.702837864162042],[-79.434645963235269,43.69892215163118],[-79.452814473314476,43.695002863037693],[-79.470979999782543,43.691079999467114],[-79.470806698175522,43.689055272954143],[-79.469623052919232,43.675222300826306],[-79.469480000625751,43.673549999275885],[-79.471547375680515,43.659712998865714],[-79.472020161752553,43.656547607212246],[-79.472089999045494,43.656080000438315],[-79.478309999629033,43.639080000167283],[-79.478884860005934,43.638122993257433],[-79.481961860772742,43.632999866201828],[-79.487989999870763,43.622960000353658],[-79.489756106778344,43.620957834228356],[-79.496526914191236,43.613280313631989],[-79.501049999461387,43.608150000053477],[-79.486105207493353,43.600241455125015],[-79.471165357931696,43.592330705610578],[-79.45623044986408,43.584417753074483],[-79.441300482376846,43.576502599080591],[-79.426375454554872,43.568585245192487],[-79.411455365481601,43.560665692973366],[-79.396540214239039,43.552743943986037],[-79.381629999907801,43.544819999793006],[-79.363880000151653,43.547580000173099]]]},"properties":{"OBJECTID":30,"name":"Toronto/Billy Bishop Toronto City Airport, ON [CZ] Class C SFC to 2500ft (2200ft AAE)","nameHtml":"Toronto/Billy Bishop Toronto City Airport, ON [CZ]\u003cbr\u003eClass C\u003cbr\u003eSFC to 2500ft (2200ft AAE)","nameFr":"Aéroport Billy Bishop de Toronto, ON [CZ]  Classe C  SFC à 2 500 pieds (2 200 pieds AAE)","nameFrHtml":"Aéroport Billy Bishop de Toronto, ON [CZ]\u003cbr\u003e Classe C\u003cbr\u003e SFC à 2 500 pieds (2 200 pieds AAE)","reference":"Control Zone Transponder Required CDAH section: 3.4.4-7","referenceHtml":"Control Zone\u003cbr\u003eTransponder Required\u003cbr\u003eCDAH section: 3.4.4-7","referenceFr":"Zone de contrôle Transponder Required Section CDAH : 3.4.4-7","referenceFrHtml":"Zone de contrôle\u003cbr\u003eTransponder Required\u003cbr\u003eSection CDAH : 3.4.4-7","class":"C","type":"CZ","altLow":"0","altLowNum":0,"altLowRef":"AGL","altHigh":"2500","altHighNum":2500,"altHighRef":"MSL","vlosRpas":"-1","Shape_Length":65720.590168481096,"Shape_Area":276516194.42564708}},{"type":"Feature","id":31,"geometry":{"type":"Polygon","coordinates":[[[-79.630550000085719,43.560660000229625],[-79.61658525835567,43.561546075934729],[-79.602620000130159,43.56242999994727],[-79.589075742998659,43.565055999268189],[-79.575529999876522,43.567680000212832],[-79.562821138586656,43.571965854173911],[-79.55011000086715,43.576250000107805],[-79.538616397354261,43.582065659238339],[-79.527119999432628,43.587879999979222],[-79.517186490154344,43.595055438004842],[-79.507250000195882,43.602230000769111],[-79.496526914191236,43.613280313631989],[-79.491120000838052,43.618849999899297],[-79.489756106778344,43.620957834228356],[-79.481961860772742,43.632999866201828],[-79.479209999763611,43.637249999789148],[-79.478884860005934,43.638122993257433],[-79.472020161752553,43.656547607212246],[-79.471899999427464,43.656869999855381],[-79.471547375680515,43.659712998865714],[-79.469623052919232,43.675222300826306],[-79.469389999425559,43.677099999895631],[-79.470806698175522,43.689055272954143],[-79.471789999576174,43.697349999611554],[-79.479009999806138,43.716980000072297],[-79.484928856516603,43.72619501759641],[-79.490849999341364,43.735410000661929],[-79.498893595415964,43.743740212946378],[-79.506940000673765,43.752069999375621],[-79.516873501844259,43.759265436284345],[-79.526810000252041,43.766460000165118],[-79.538323591059893,43.772295660001596],[-79.549839999747817,43.778130000509016],[-79.562583850609855,43.782430855907002],[-79.57533000026595,43.786729999400244],[-79.588919249064702,43.789366001913429],[-79.602510000114961,43.792000000085686],[-79.616529739874309,43.792886080092224],[-79.63055000017998,43.793769999772799],[-79.644570260244379,43.792886079663909],[-79.658589999761858,43.791999999229184],[-79.672180750832865,43.78936600201915],[-79.685769999652521,43.786730000468324],[-79.698516148901192,43.782430856151599],[-79.711259999355178,43.778129999930577],[-79.722776408500863,43.772295659307353],[-79.734289999766119,43.766459999355206],[-79.744226498158952,43.759265436369134],[-79.754159999314837,43.752070000355367],[-79.762206403747584,43.743740213274044],[-79.770249998997286,43.735410000338014],[-79.776171142584928,43.726195017088145],[-79.78209000005819,43.716979999379838],[-79.789309999808992,43.697349999623555],[-79.791709999753593,43.677099999967986],[-79.789210000049081,43.656870000121828],[-79.781889999069591,43.637249999411921],[-79.775933853250763,43.62805001930024],[-79.769979999540141,43.618850000282201],[-79.76191359767202,43.61054021515649],[-79.753849998936246,43.602229999772163],[-79.743918509683127,43.59505543720234],[-79.733989999609776,43.587880000467734],[-79.722488601586065,43.582065660006684],[-79.710989999186509,43.576249999885903],[-79.698278861564305,43.571965853887065],[-79.685570000371456,43.5676799998609],[-79.672024256998213,43.565055999136405],[-79.658479999615167,43.562430000035363],[-79.64451474160289,43.561546075978775],[-79.630550000085719,43.560660000229625]]]},"properties":{"OBJECTID":31,"name":"Toronto/Lester B. Pearson Intl, ON [CZ] Class C SFC to 2500ft (1900ft AAE)","nameHtml":"Toronto/Lester B. Pearson Intl, ON [CZ]\u003cbr\u003eClass C\u003cbr\u003eSFC to 2500ft (1900ft AAE)","nameFr":"Toronto/Aéroport international Lester B. Pearson, ON [CZ]  Classe C  SFC à 2 500 pieds (1 900 pieds AAE)","nameFrHtml":"Toronto/Aéroport international Lester B. Pearson, ON [CZ]\u003cbr\u003e Classe C\u003cbr\u003e SFC à 2 500 pieds (1 900 pieds AAE)","reference":"Control Zone Transponder Required CDAH section: 3.4.4-9","referenceHtml":"Control Zone\u003cbr\u003eTransponder Required\u003cbr\u003eCDAH section: 3.4.4-9","referenceFr":"Zone de contrôle Transponder Required Section CDAH : 3.4.4-9","referenceFrHtml":"Zone de contrôle\u003cbr\u003eTransponder Required\u003cbr\u003eSection CDAH : 3.4.4-9","class":"C","type":"CZ","altLow":"0","altLowNum":0,"altLowRef":"AGL","altHigh":"2500","altHighNum":2500,"altHighRef":"MSL","vlosRpas":"-1","Shape_Length":83275.22753012256,"Shape_Area":550446788.98709071}},{"type":"Feature","id":32,"geometry":{"type":"Polygon","coordinates":[[[-79.872840000281798,43.066239999909428],[-79.86091613194013,43.070820747335539],[-79.848989999611291,43.075400000631362],[-79.838281327572957,43.081380562670951],[-79.827570000219595,43.087360000560324],[-79.818391371613956,43.09456535802321],[-79.809210000195378,43.101769999642869],[-79.801816263228346,43.110005159092076],[-79.794420000271174,43.118240000271577],[-79.783630000062416,43.136290000080287],[-79.777159999565797,43.155399999526054],[-79.775179999847694,43.175040000847353],[-79.777770000471691,43.194640000208359],[-79.784850000279363,43.213639999471859],[-79.796220000142796,43.231499999403319],[-79.803888707645825,43.239605186580185],[-79.811559999232159,43.247709999698579],[-79.820993617561385,43.25475538861447],[-79.830429999583814,43.26179999983237],[-79.841363683225467,43.267590592578536],[-79.852299999901163,43.27337999997772],[-79.864423900438624,43.277740775488986],[-79.87654999984963,43.282099999513633],[-79.889509241009947,43.284915914746442],[-79.90246999980404,43.287729999089365],[-79.915894670110035,43.288910996543791],[-79.929319999451224,43.290089999321047],[-79.94283013591469,43.289606012070976],[-79.956339999785257,43.289119999843464],[-79.969540586088854,43.286985957258132],[-79.982740000006999,43.284849999865905],[-79.995260970346905,43.281125840595266],[-80.007780000752405,43.277400000049987],[-80.019251242753512,43.272190672522527],[-80.030719999371556,43.266979999527599],[-80.040826373762954,43.260440475882255],[-80.050930000122122,43.253900000022874],[-80.059371349042664,43.246210270022331],[-80.06780999976209,43.238520000265453],[-80.07435117071536,43.229905079939627],[-80.080890000021114,43.221290000308194],[-80.089790000369348,43.202699999744283],[-80.09427999957542,43.183290000406316],[-80.094209999347498,43.163599999250664],[-80.089610000298663,43.144200000048322],[-80.080340000078124,43.125729999650964],[-80.068956108846578,43.121634011484446],[-80.057574152245977,43.117536652943521],[-80.046194130463931,43.11343792448509],[-80.034816043687556,43.109337826566104],[-80.023439892103383,43.10523635964357],[-80.01206567589746,43.101133524174472],[-80.000693395255297,43.097029320615867],[-79.989323050361847,43.092923749424862],[-79.977954641401624,43.088816811058514],[-79.966588168558502,43.084708505974014],[-79.955223632015901,43.08059883462851],[-79.943861031956715,43.076487797479189],[-79.932500368563282,43.072375394983304],[-79.92114164201746,43.068261627598083],[-79.909784852500536,43.064146495780854],[-79.898430000193329,43.060029999988906],[-79.885635823554651,43.063135891246972],[-79.872840000281798,43.066239999909428]]]},"properties":{"OBJECTID":32,"name":"Hamilton, ON [CZ] Class D SFC to 4500ft (3700ft AAE)","nameHtml":"Hamilton, ON [CZ]\u003cbr\u003eClass D\u003cbr\u003eSFC to 4500ft (3700ft AAE)","nameFr":"Hamilton, ON [CZ]  Classe D  SFC à 4 500 pieds (3 700 pieds AAE)","nameFrHtml":"Hamilton, ON [CZ]\u003cbr\u003e Classe D\u003cbr\u003e SFC à 4 500 pieds (3 700 pieds AAE)","reference":"Control Zone CDAH section: 3.4.4-12","referenceHtml":"Control Zone\u003cbr\u003eCDAH section: 3.4.4-12","referenceFr":"Zone de contrôle Section MEAD: 3.4.4-12 ","referenceFrHtml":"Zone de contrôle\u003cbr\u003eSection MEAD: 3.4.4-12\u003cbr\u003e","class":"D","type":"CZ","altLow":"0","altLowNum":0,"altLowRef":"AGL","altHigh":"4500","altHighNum":4500,"altHighRef":"MSL","vlosRpas":"-1","Shape_Length":82059.809535930646,"Shape_Area":518338604.52334505}},{"type":"Feature","id":33,"geometry":{"type":"Polygon","coordinates":[[[-78.895000000586691,43.839520000279485],[-78.874949999867141,43.840780000077125],[-78.855509999637391,43.844530000060097],[-78.837270000058524,43.850660000201522],[-78.820780000564824,43.858970000411908],[-78.806530000210458,43.869219999875746],[-78.794960000385601,43.881100000009532],[-78.786429999827178,43.894249999458872],[-78.781189999772891,43.908259999152037],[-78.779410000564297,43.922709999868609],[-78.781140000133121,43.937169999779528],[-78.786329999845393,43.95119999939201],[-78.794819999622916,43.964359999645836],[-78.806370000151659,43.976250000314089],[-78.820620000609367,43.986520000267959],[-78.837130000505923,43.994859999721243],[-78.855409999014512,44.001000000589642],[-78.87490000029014,44.004760000272825],[-78.895000000337845,44.006030000273682],[-78.915089999745661,44.00476000007081],[-78.934579999804001,44.000999999831642],[-78.95286000021035,43.99486000004277],[-78.969370000526794,43.9865199992661],[-78.98362000017049,43.976250000150465],[-78.995170000585048,43.964360000737138],[-79.003659999977145,43.951199999432077],[-79.008850000110343,43.937170000171953],[-79.010579999749538,43.922709999514545],[-79.008799999651515,43.908259999906576],[-79.003559999973575,43.894249999491706],[-78.995030000086018,43.881100000136691],[-78.983460000595969,43.869220000596258],[-78.969210000143264,43.858970000422609],[-78.952719999094711,43.850659999461449],[-78.934480000320022,43.84452999991003],[-78.915040000098529,43.840779999720084],[-78.895000000586691,43.839520000279485]]]},"properties":{"OBJECTID":33,"name":"Oshawa, ON [CZ] Class D SFC to 3000ft (2500ft AAE)","nameHtml":"Oshawa, ON [CZ]\u003cbr\u003eClass D\u003cbr\u003eSFC to 3000ft (2500ft AAE)","nameFr":"Oshawa, ON [CZ]  Classe D  SFC à 3 000 pieds (2 500 pieds AAE)","nameFrHtml":"Oshawa, ON [CZ]\u003cbr\u003e Classe D\u003cbr\u003e SFC à 3 000 pieds (2 500 pieds AAE)","reference":"Control Zone CDAH section: 3.4.4-14","referenceHtml":"Control Zone\u003cbr\u003eCDAH section: 3.4.4-14","referenceFr":"Zone de contrôle Section MEAD: 3.4.4-14 ","referenceFrHtml":"Zone de contrôle\u003cbr\u003eSection MEAD: 3.4.4-14\u003cbr\u003e","class":"D","type":"CZ","altLow":"0","altLowNum":0,"altLowRef":"AGL","altHigh":"3000","altHighNum":3000,"altHighRef":"MSL","vlosRpas":"-1","Shape_Length":59421.570163342134,"Shape_Area":280267005.75237525}},{"type":"Feature","id":34,"geometry":{"type":"Polygon","coordinates":[[[-84.475693037741465,46.452873074199417],[-84.46809347718596,46.46192853243695],[-84.46049088964412,46.470983671343092],[-84.452885273510148,46.480038490341073],[-84.445276627177208,46.489092988853727],[-84.433236393868171,46.494841195050789],[-84.421193115006147,46.500587995071783],[-84.395565097390076,46.498633397489151],[-84.390923461226848,46.500922691862272],[-84.395760000270357,46.513410000142692],[-84.404650000673755,46.526569999530139],[-84.416719999725117,46.538469999809379],[-84.43162999966917,46.548739999549973],[-84.448899999567061,46.557080000024392],[-84.468030000389362,46.563219999793297],[-84.488409999457602,46.566979999984085],[-84.509439999702565,46.568249999659457],[-84.530470000057761,46.56697999942309],[-84.550850000302816,46.563219999931142],[-84.569979999075017,46.557079999810853],[-84.58724999987227,46.548740000200674],[-84.602160000643437,46.538469999546848],[-84.614230000020058,46.526570000107448],[-84.621665075312137,46.515564283177952],[-84.613556312183221,46.508722256962749],[-84.605449990793957,46.501879704670486],[-84.597346110287447,46.495036626729735],[-84.589244669807087,46.488193023568805],[-84.581145668496461,46.481348895615909],[-84.573049105499365,46.474504243299066],[-84.564954979959822,46.467659067046185],[-84.556863291022097,46.460813367284963],[-84.536568072485011,46.458834760176302],[-84.516274621674313,46.456851841853961],[-84.495982942217836,46.454864612975392],[-84.475693037741465,46.452873074199417]]]},"properties":{"OBJECTID":34,"name":"Sault Ste. Marie, ON [CZ] Class D SFC to 3000ft (2400ft AAE)","nameHtml":"Sault Ste. Marie, ON [CZ]\u003cbr\u003eClass D\u003cbr\u003eSFC to 3000ft (2400ft AAE)","nameFr":"Sault Ste. Marie, ON [CZ]  Classe D  SFC à 3 000 pieds (2 400 pieds AAE)","nameFrHtml":"Sault Ste. Marie, ON [CZ]\u003cbr\u003e Classe D\u003cbr\u003e SFC à 3 000 pieds (2 400 pieds AAE)","reference":"Control Zone CDAH section: 3.4.4-16","referenceHtml":"Control Zone\u003cbr\u003eCDAH section: 3.4.4-16","referenceFr":"Zone de contrôle Section MEAD: 3.4.4-16 ","referenceFrHtml":"Zone de contrôle\u003cbr\u003eSection MEAD: 3.4.4-16\u003cbr\u003e","class":"D","type":"CZ","altLow":"0","altLowNum":0,"altLowRef":"AGL","altHigh":"3000","altHighNum":3000,"altHighRef":"MSL","vlosRpas":"-1","Shape_Length":47820.872274165558,"Shape_Area":151538916.94557065}},{"type":"Feature","id":35,"geometry":{"type":"Polygon","coordinates":[[[-77.39305000046221,44.193049999935859],[-77.37916452477765,44.198193003000597],[-77.365276032647472,44.203334004544729],[-77.351384524326136,44.208473003723199],[-77.337490000069309,44.213609999690895],[-77.35009704745886,44.224690621705747],[-77.362709999671495,44.235770000586427],[-77.377887015842532,44.245071085195207],[-77.393070000417453,44.254370000676886],[-77.410257348455232,44.261666507044716],[-77.427449999571039,44.268960000491674],[-77.446132996014583,44.274031854679741],[-77.464819999463174,44.279100000471459],[-77.48444387871325,44.281802087540534],[-77.504069999521377,44.284499999666103],[-77.524054893864474,44.284752179469741],[-77.544039999577052,44.284999999885116],[-77.563785925053821,44.282787118197724],[-77.58353000034657,44.28057000049877],[-77.602451842958459,44.275966911650187],[-77.621370000174963,44.271359999981954],[-77.638902544970975,44.264496583288455],[-77.656430000322459,44.257630000434624],[-77.672052943583097,44.248716172547105],[-77.687669999315972,44.23979999940029],[-77.700922997582111,44.229095728028291],[-77.714170000874077,44.218389999812985],[-77.724662698629928,44.20621530226984],[-77.735150000543115,44.194039999486769],[-77.74256707918309,44.180759944724542],[-77.749979999338478,44.167480000674686],[-77.754116221482334,44.153479697818298],[-77.758250000042437,44.139480000375094],[-77.759700000183784,44.110890000121657],[-77.754319999659501,44.082529999948783],[-77.748293268189798,44.068894821000811],[-77.742269999382017,44.055259999680047],[-77.7330875444718,44.042565133935675],[-77.723909999531045,44.029870000264999],[-77.71184710835108,44.018485533427459],[-77.69978999954391,44.007099999903652],[-77.685207013563499,43.997370972661301],[-77.670629999866591,43.987639999853833],[-77.653957265360788,43.979846400403645],[-77.637289999662613,43.972049999974402],[-77.619012835115285,43.966421767549072],[-77.600739999770056,43.960789999320156],[-77.581398655007845,43.957487030302026],[-77.562059999328213,43.954180000335498],[-77.542219634343695,43.953307158923877],[-77.522379999648919,43.952429999699234],[-77.502625652527882,43.954002136567432],[-77.482870000656447,43.955569999567132],[-77.463781598665747,43.9595519672637],[-77.444690000131914,43.963529999706623],[-77.426822357490678,43.969801671809513],[-77.408950000094791,43.976070000060197],[-77.392827842252018,43.984446283109648],[-77.376700000339994,43.992819999737279],[-77.362797994649384,44.003050846524665],[-77.348889999900337,44.013279999433053],[-77.337622798323508,44.025070412738344],[-77.326350000304643,44.036859999639866],[-77.318047275592889,44.049865033823664],[-77.309739999876427,44.062869999997851],[-77.304646485431434,44.076699753757936],[-77.299550000539398,44.090529999896738],[-77.296109999819365,44.119039999990676],[-77.300000000316231,44.147499999537551],[-77.319787912450352,44.14917140979734],[-77.339577218814725,44.150838547028421],[-77.359367915977572,44.152501410690959],[-77.379160000505635,44.154160000246527],[-77.386102149313828,44.173604500333589],[-77.39305000046221,44.193049999935859]]]},"properties":{"OBJECTID":35,"name":"Trenton, ON a) [CZ] Class D SFC to 2000ft (1700ft AAE)","nameHtml":"Trenton, ON a) [CZ]\u003cbr\u003eClass D\u003cbr\u003eSFC to 2000ft (1700ft AAE)","nameFr":"Trenton, ON a) [CZ]  Classe D  SFC à 2 000 pieds (1 700 pieds AAE)","nameFrHtml":"Trenton, ON a) [CZ]\u003cbr\u003e Classe D\u003cbr\u003e SFC à 2 000 pieds (1 700 pieds AAE)","reference":"Control Zone CDAH section: 3.4.4-18","referenceHtml":"Control Zone\u003cbr\u003eCDAH section: 3.4.4-18","referenceFr":"Zone de contrôle Section MEAD: 3.4.4-18 ","referenceFrHtml":"Zone de contrôle\u003cbr\u003eSection MEAD: 3.4.4-18\u003cbr\u003e","class":"D","type":"CZ","altLow":"0","altLowNum":0,"altLowRef":"AGL","altHigh":"2000","altHighNum":2000,"altHighRef":"MSL","vlosRpas":"-1","Shape_Length":126739.77355289263,"Shape_Area":1082628649.6576142}},{"type":"Feature","id":36,"geometry":{"type":"Polygon","coordinates":[[[-82.962279999753775,42.174860000638546],[-82.939180000085926,42.175819999885462],[-82.91664000055637,42.17969999965765],[-82.895320000634456,42.186370000059561],[-82.87586000061178,42.195650000142869],[-82.858810000552637,42.207240000123846],[-82.844680000390468,42.220830000365197],[-82.83390000050214,42.235999999400107],[-82.82677000010942,42.25231999972651],[-82.823510000049254,42.269290000519973],[-82.8242299995742,42.286430000428865],[-82.828890000470452,42.303230000201822],[-82.837579999844507,42.319110000689861],[-82.850134533139169,42.322151080362481],[-82.86269062960794,42.325190423768476],[-82.875248288628441,42.328228030498202],[-82.88780750957774,42.331263900142169],[-82.900368291832322,42.334298032291109],[-82.912930634767974,42.337330426535821],[-82.925494537759988,42.340361082467318],[-82.938060000182958,42.343389999676759],[-82.949170000049918,42.341909999954133],[-82.954509999564166,42.334529999912014],[-82.972260000531961,42.332469999643685],[-82.986399999759428,42.327990000040266],[-83.007189999309176,42.327680000257317],[-83.020214839134596,42.324757811488034],[-83.033238119809283,42.321833748204227],[-83.046259840593379,42.318907810829117],[-83.059280000747663,42.315979999786009],[-83.075889999820703,42.307810000006214],[-83.083431205760732,42.299995184222979],[-83.090969999450891,42.292180000192332],[-83.093350000348082,42.275149999991321],[-83.091440000261102,42.258060000043265],[-83.085609999514872,42.241459999708638],[-83.076050000651279,42.225849999510444],[-83.063020000230594,42.211670000175239],[-83.046910000158931,42.199359999880905],[-83.028210000156292,42.189259999747208],[-83.007460000561395,42.18167000022116],[-82.985260000100524,42.176819999951825],[-82.962279999753775,42.174860000638546]]]},"properties":{"OBJECTID":36,"name":"Windsor, ON a) [CZ] Class D SFC to 700ft AGL","nameHtml":"Windsor, ON a) [CZ]\u003cbr\u003eClass D\u003cbr\u003eSFC to 700ft AGL","nameFr":"Windsor, ON a) [CZ]  Classe D  SFC à 700 pieds AGL","nameFrHtml":"Windsor, ON a) [CZ]\u003cbr\u003e Classe D\u003cbr\u003e SFC à 700 pieds AGL","reference":"Control Zone CDAH section: 3.4.4-21","referenceHtml":"Control Zone\u003cbr\u003eCDAH section: 3.4.4-21","referenceFr":"Zone de contrôle Section MEAD: 3.4.4-21 ","referenceFrHtml":"Zone de contrôle\u003cbr\u003eSection MEAD: 3.4.4-21\u003cbr\u003e","class":"D","type":"CZ","altLow":"0","altLowNum":0,"altLowRef":"AGL","altHigh":"700AGL","altHighNum":700,"altHighRef":"AGL","vlosRpas":"-1","Shape_Length":67183.383660546766,"Shape_Area":336810164.89260519}},{"type":"Feature","id":37,"geometry":{"type":"Polygon","coordinates":[[[-73.474550000662916,45.580979999623544],[-73.486594604177824,45.584684745954419],[-73.498641138747445,45.588387995086016],[-73.510689604028713,45.592089746571787],[-73.522739999677995,45.595789999965241],[-73.537134548883145,45.595095309383801],[-73.551528664526998,45.594398410322462],[-73.565922345252019,45.593699302898465],[-73.58031558970093,45.592997987229403],[-73.594708396516651,45.592294463433198],[-73.609100764342386,45.591588731628214],[-73.623492691821596,45.590880791933088],[-73.637884177597996,45.590170644466895],[-73.652275220315516,45.589458289349047],[-73.666665818618398,45.588743726699292],[-73.681055971151054,45.588026956637776],[-73.695445676558251,45.587307979285065],[-73.709834933484942,45.586586794761978],[-73.724223740576363,45.585863403189748],[-73.738612096477979,45.585137804690042],[-73.752999999835566,45.584409999384761],[-73.767075484613414,45.582821051720629],[-73.781150000828831,45.58122999967707],[-73.794650938082597,45.578020952831451],[-73.808149999981325,45.574809999481126],[-73.820661292423182,45.570035792726031],[-73.833170000146993,45.565260000423521],[-73.844331498238887,45.559055593325681],[-73.855490000597925,45.552849999852945],[-73.8649715265514,45.545405376598204],[-73.874449999946918,45.537959999946203],[-73.881976377729885,45.529490169080908],[-73.889499999653495,45.521020000539494],[-73.894846067732388,45.511774993403748],[-73.900189999895318,45.502529999608285],[-73.906220000894862,45.483030000431896],[-73.907420000144384,45.463099999997176],[-73.90376000024051,45.443310000133593],[-73.895340000259353,45.424250000330041],[-73.888878762299058,45.41536507536668],[-73.882420001030013,45.406479999805867],[-73.873898532805654,45.398495268545318],[-73.865379999296351,45.390509999527787],[-73.855053474501318,45.383660482637993],[-73.844729999828218,45.376810000515441],[-73.832893593866771,45.371300693354883],[-73.821059999553185,45.36579000019011],[-73.808058874671474,45.361775874959328],[-73.795059999861337,45.357760000035242],[-73.781284285717291,45.355356005791009],[-73.767509999560943,45.352950000461405],[-73.753349780130605,45.352231073189458],[-73.739190000130094,45.351509999674171],[-73.72506529826326,45.352491066979205],[-73.710939999758992,45.353470000320911],[-73.69724077819933,45.35610599272735],[-73.683540000584969,45.358740000513201],[-73.671011214002419,45.362029496996122],[-73.658480651062646,45.365317352457744],[-73.645948312296582,45.368603566470718],[-73.633414198235812,45.3718881386079],[-73.620878309412646,45.375171068442256],[-73.608340646359991,45.378452355546834],[-73.595801209611466,45.381731999494825],[-73.583259999701326,45.385009999859484],[-73.592555441694444,45.392586065250732],[-73.601853921563404,45.400161420769891],[-73.611155440426259,45.407736065795078],[-73.620459999401305,45.415309999704029],[-73.611230000944659,45.415959999805224],[-73.603020000514647,45.419289999984748],[-73.588718633871352,45.431060835022251],[-73.574410000016798,45.442829999659786],[-73.55895999971419,45.445320000380669],[-73.548039999564438,45.448630000303197],[-73.539729999625095,45.459300000065994],[-73.539080000272278,45.46298999968343],[-73.532850000277435,45.467729999669984],[-73.523167810554199,45.481165164164899],[-73.513479999628913,45.494600000043484],[-73.518183052406982,45.513749434552977],[-73.522889999878927,45.532899999215182],[-73.509840000888971,45.543289999813851],[-73.501022894626502,45.552713250810768],[-73.492202193755844,45.562136001623124],[-73.483377896395496,45.571558251483381],[-73.474550000662916,45.580979999623544]]]},"properties":{"OBJECTID":37,"name":"Montreal/Pierre Elliott Trudeau Intl, QC [CZ] Class C SFC to 3000ft (2900ft AAE)","nameHtml":"Montreal/Pierre Elliott Trudeau Intl, QC [CZ]\u003cbr\u003eClass C\u003cbr\u003eSFC to 3000ft (2900ft AAE)","nameFr":"Montréal/Pierre Elliott Trudeau Intl, QC [CZ]  Classe C  SFC à 3 000 pieds (2 900 pieds AAE)","nameFrHtml":"Montréal/Pierre Elliott Trudeau Intl, QC [CZ]\u003cbr\u003e Classe C\u003cbr\u003e SFC à 3 000 pieds (2 900 pieds AAE)","reference":"Control Zone Transponder Required CDAH section: 3.5.4-3","referenceHtml":"Control Zone\u003cbr\u003eTransponder Required\u003cbr\u003eCDAH section: 3.5.4-3","referenceFr":"Zone de contrôle Transponder Required Section CDAH : 3.5.4-3","referenceFrHtml":"Zone de contrôle\u003cbr\u003eTransponder Required\u003cbr\u003eSection CDAH : 3.5.4-3","class":"C","type":"CZ","altLow":"0","altLowNum":0,"altLowRef":"AGL","altHigh":"3000","altHighNum":3000,"altHighRef":"MSL","vlosRpas":"-1","Shape_Length":104752.67285169638,"Shape_Area":673553275.83134437}},{"type":"Feature","id":38,"geometry":{"type":"Polygon","coordinates":[[[-73.840969999365569,45.702750000330866],[-73.848079999953853,45.721370000242281],[-73.853788913401914,45.730140032022788],[-73.859499999890346,45.738909999576222],[-73.867203662855758,45.746905198055266],[-73.87490999977841,45.754899999683559],[-73.884398558696418,45.761895388685566],[-73.893889999884621,45.768889999353057],[-73.904908609981362,45.774700583196378],[-73.915930000680305,45.780509999488395],[-73.92817381450196,45.7849707605059],[-73.940420000545529,45.789430000358962],[-73.953554145723288,45.792425901024053],[-73.966689999920405,45.79542000061015],[-73.98035457426441,45.7968559887899],[-73.994020000562529,45.798289999759426],[-74.007840034884381,45.798176015217699],[-74.021660000155251,45.798060000744464],[-74.017919999938613,45.793180000005314],[-74.015460000966996,45.787910000132683],[-74.014289999192442,45.782430000220771],[-74.014440000660272,45.776890000328827],[-74.015900000703596,45.771440000423858],[-74.018640000011843,45.766240000290033],[-74.02257999958681,45.761430000682061],[-74.027599999808771,45.757139999987565],[-74.033579999169461,45.753490000586012],[-74.040329999361347,45.750579999884899],[-74.047689999755306,45.748490000017014],[-74.055439999838924,45.747279999268805],[-74.063370000078962,45.746990000458517],[-74.07125999981838,45.747609999923121],[-74.078890000058067,45.749139999835215],[-74.086050000210221,45.751530000223994],[-74.09254999962026,45.754719999936476],[-74.098200000201686,45.758609999637763],[-74.102850000140407,45.763100000628157],[-74.10636000041184,45.768070000372056],[-74.108540000653022,45.773400000354414],[-74.126090000713901,45.762360000449682],[-74.141110000785773,45.749629999854321],[-74.153410000775011,45.73554999976146],[-74.162340000587179,45.720299999719934],[-74.181486647393015,45.728371831411565],[-74.200640000152674,45.736439999876183],[-74.207926303786863,45.728190157098169],[-74.215209999464733,45.719939999766289],[-74.225389999860354,45.701880000112922],[-74.231119999944198,45.682899999189651],[-74.232269999591878,45.663520000264668],[-74.228810000388521,45.644270000375862],[-74.220819999836877,45.625690000537503],[-74.214683843995374,45.61699006080493],[-74.208549999591241,45.608289999966416],[-74.200438618703117,45.600425235987849],[-74.192329999275074,45.592559999721566],[-74.182473545433041,45.5857404315651],[-74.172620000604624,45.578919999747356],[-74.161283630187754,45.573335627570039],[-74.149949999154842,45.567750000079528],[-74.137453867045394,45.563560800268668],[-74.124960000010077,45.559369999271119],[-74.111649226906962,45.556685931658443],[-74.098339999773373,45.55399999972277],[-74.084579671136837,45.552896008474256],[-74.070820000202971,45.551790000475165],[-74.056985149489279,45.552291021170014],[-74.043149999553705,45.552789999387826],[-74.029625615958707,45.554895967522611],[-74.016100000807896,45.556999999359597],[-74.003301023554698,45.560695848613051],[-73.990500000166421,45.564389999753004],[-73.989229999395533,45.565890000312358],[-73.975690512399638,45.567640972506361],[-73.962150000175626,45.569389999419499],[-73.949190909676318,45.572635876332228],[-73.936229999381766,45.575879999887178],[-73.924206220200617,45.580570730683313],[-73.91218000027412,45.585260000176653],[-73.90142639920262,45.59127055004793],[-73.890670000227658,45.597279999875191],[-73.881466427676997,45.604445356498999],[-73.872259999571625,45.611609999621386],[-73.864871300487849,45.619740168461071],[-73.857479999419638,45.627869999664767],[-73.846719999881586,45.645610000271368],[-73.840279999855269,45.664349999386438],[-73.83833999905832,45.683570000066275],[-73.840969999365569,45.702750000330866]]]},"properties":{"OBJECTID":38,"name":"Montreal Intl (Mirabel), QC [CZ] Class C SFC to 2000ft (1700ft AAE)","nameHtml":"Montreal Intl (Mirabel), QC [CZ]\u003cbr\u003eClass C\u003cbr\u003eSFC to 2000ft (1700ft AAE)","nameFr":"Montréal Intl (Mirabel), QC [CZ]  Classe C  SFC à 2 000 pieds (1 700 pieds AAE)","nameFrHtml":"Montréal Intl (Mirabel), QC [CZ]\u003cbr\u003e Classe C\u003cbr\u003e SFC à 2 000 pieds (1 700 pieds AAE)","reference":"Control Zone CDAH section: 3.5.4-5","referenceHtml":"Control Zone\u003cbr\u003eCDAH section: 3.5.4-5","referenceFr":"Zone de contrôle Section MEAD: 3.5.4-5 ","referenceFrHtml":"Zone de contrôle\u003cbr\u003eSection MEAD: 3.5.4-5\u003cbr\u003e","class":"C","type":"CZ","altLow":"0","altLowNum":0,"altLowRef":"AGL","altHigh":"2000","altHighNum":2000,"altHighRef":"MSL","vlosRpas":"-1","Shape_Length":100721.72783275733,"Shape_Area":624954942.60151196}},{"type":"Feature","id":39,"geometry":{"type":"Polygon","coordinates":[[[-75.530140000062033,45.386059999680121],[-75.539033466472333,45.394055303164663],[-75.547930000360566,45.402049999580612],[-75.558663429009869,45.408835530361124],[-75.569400000217158,45.415620000403273],[-75.581648578089045,45.421000749003255],[-75.593900000054632,45.426380000310601],[-75.602849999282725,45.420599999571415],[-75.613119999313938,45.416009999576623],[-75.624360000252878,45.412710000243614],[-75.636220000444894,45.410800000071859],[-75.648379999719893,45.410350000110228],[-75.660470000270024,45.411349999422228],[-75.672140000505905,45.41377999941011],[-75.6830500002485,45.417569999689114],[-75.692880000202251,45.422619999942739],[-75.701349999673653,45.42876000017872],[-75.708090000139563,45.435869999794605],[-75.721780964833201,45.432605982294881],[-75.735470000216409,45.429339999641279],[-75.748161328224569,45.42449081721589],[-75.76085000006222,45.41963999983701],[-75.772146542534742,45.41331060742246],[-75.783440000001576,45.406979999910426],[-75.792996567700953,45.399375380482532],[-75.802550000757449,45.391770000797983],[-75.810081405673799,45.383115163275654],[-75.817610000020011,45.374460000045552],[-75.822886073630912,45.365019981442664],[-75.828160000464635,45.355579999977842],[-75.833879999639308,45.335700000455162],[-75.834609999793344,45.315420000239499],[-75.830340000014729,45.295349999691119],[-75.821179999624022,45.276119999531858],[-75.81430368090794,45.267205103061762],[-75.807429999931529,45.258290000186925],[-75.798468468532988,45.250345311832817],[-75.789509999873303,45.242400000912703],[-75.778733440273683,45.235670537752803],[-75.767959999761288,45.228939999858774],[-75.755693599748341,45.223630754270253],[-75.743430000422322,45.218320000293296],[-75.730043923890833,45.214580935540404],[-75.716659999759173,45.210839999715795],[-75.702559376997726,45.208786059790448],[-75.688459999952784,45.206730000447166],[-75.674069906900939,45.206431111995805],[-75.659679999438268,45.206129999592413],[-75.645435446787133,45.207591085792892],[-75.631190000018208,45.209050000440619],[-75.617515931628645,45.212220984997913],[-75.603839999430278,45.215389999170199],[-75.59114630730366,45.220180821345977],[-75.578450000342229,45.224969999865436],[-75.567126526831984,45.2312406138482],[-75.555799999337182,45.23750999985883],[-75.546186560828218,45.245060388100192],[-75.536569999379239,45.252609999979754],[-75.528956411079164,45.261225170690658],[-75.521339999739268,45.269840000079057],[-75.515961088848385,45.279244987984931],[-75.510579999888307,45.288649999862436],[-75.504609999890434,45.308499999526383],[-75.50361999965105,45.328770000271142],[-75.507649999947503,45.348860000663571],[-75.516579999307979,45.368150000229591],[-75.523358690650042,45.377105095392622],[-75.530140000062033,45.386059999680121]]]},"properties":{"OBJECTID":39,"name":"Ottawa/Macdonald-Cartier Intl, ON a) [CZ] Class C SFC to 2000ft","nameHtml":"Ottawa/Macdonald-Cartier Intl, ON a) [CZ]\u003cbr\u003eClass C\u003cbr\u003eSFC to 2000ft","nameFr":"Ottawa/Aéroport international Macdonald-Cartier, ON a) [CZ]  Classe C  SFC à 2000 pieds","nameFrHtml":"Ottawa/Aéroport international Macdonald-Cartier, ON a) [CZ]\u003cbr\u003e Classe C\u003cbr\u003e SFC à 2000 pieds","reference":"Control Zone Transponder Required CDAH section: 3.5.4-7","referenceHtml":"Control Zone\u003cbr\u003eTransponder Required\u003cbr\u003eCDAH section: 3.5.4-7","referenceFr":"Zone de contrôle Transponder Required Section CDAH : 3.5.4-7","referenceFrHtml":"Zone de contrôle\u003cbr\u003eTransponder Required\u003cbr\u003eSection CDAH : 3.5.4-7","class":"C","type":"CZ","altLow":"0","altLowNum":0,"altLowRef":"AGL","altHigh":"2000","altHighNum":2000,"altHighRef":"MSL","vlosRpas":"-1","Shape_Length":84048.471486950832,"Shape_Area":523824009.983329}},{"type":"Feature","id":40,"geometry":{"type":"Polygon","coordinates":[[[-71.422830000027247,46.676320000432824],[-71.408079711825209,46.675436136691715],[-71.393329999975919,46.674550000182123],[-71.378580288157664,46.675436136645288],[-71.363829999986493,46.676320000340034],[-71.349525828883571,46.678946058357802],[-71.335219999726718,46.681570000064902],[-71.321796268384091,46.685850911108282],[-71.308369999603414,46.690130000722348],[-71.296226561244637,46.69595071319813],[-71.284080000838131,46.701770000390312],[-71.273591662039948,46.708940486935141],[-71.263100000329487,46.716110000455501],[-71.25458156438367,46.724420260293577],[-71.246059999548635,46.732729999327951],[-71.239771279070382,46.741930060844666],[-71.233480000419021,46.751130000095209],[-71.225740000540654,46.770740000151122],[-71.223090000075914,46.790980000334116],[-71.225610001000547,46.811219999733019],[-71.233240001075131,46.830859999781218],[-71.239488725147893,46.840075058779483],[-71.245739999946437,46.849290000482618],[-71.254238431423985,46.857620258593741],[-71.262739999761294,46.86595000030092],[-71.273228327489917,46.873145485542977],[-71.283719999970117,46.880340000518231],[-71.295883426517946,46.886175713016286],[-71.308049999485291,46.892009999715228],[-71.3215137142993,46.89631591257772],[-71.334979999070171,46.900620000029789],[-71.349339160405478,46.90325606180221],[-71.363699999531946,46.905889999615518],[-71.378514709314985,46.906776141370038],[-71.393330000500086,46.907660000121773],[-71.408140290960205,46.906776141092564],[-71.422950000214584,46.905890000603335],[-71.437310838555177,46.903256062031446],[-71.451669999104084,46.900619999500755],[-71.46514128549768,46.89631591327943],[-71.478610000980055,46.89201000024471],[-71.490776573570969,46.886175713148141],[-71.502939999742139,46.880340000252779],[-71.513431672288348,46.87314548536748],[-71.523920000082981,46.865950000215541],[-71.532421568250783,46.857620258337512],[-71.540919999558909,46.849290000055717],[-71.547171275373671,46.840075058919126],[-71.553420000462523,46.830860000487405],[-71.561039999832985,46.811219999764567],[-71.563570000178771,46.790980000221239],[-71.560919999622698,46.770740000267864],[-71.553180000510679,46.751130000280384],[-71.546888720819453,46.741930061362332],[-71.540599999301804,46.732730000177824],[-71.532078435036979,46.724420260534984],[-71.523559999661515,46.716110000088442],[-71.513063337799295,46.70894048674662],[-71.502570000433153,46.701769999283663],[-71.490428440068001,46.695950711303077],[-71.478290000465407,46.690129999308112],[-71.464858730924732,46.685850911099187],[-71.451429999766617,46.681570000056659],[-71.437129171159853,46.678946057652162],[-71.422830000027247,46.676320000432824]]]},"properties":{"OBJECTID":40,"name":"Quebec/Jean Lesage Intl, QC [CZ] Class C SFC to 3500ft (3300ft AAE)","nameHtml":"Quebec/Jean Lesage Intl, QC [CZ]\u003cbr\u003eClass C\u003cbr\u003eSFC to 3500ft (3300ft AAE)","nameFr":"Québec/Jean Lesage Intl, QC [CZ]  Classe C  SFC à 3 500 pieds (3 300 pieds AAE)","nameFrHtml":"Québec/Jean Lesage Intl, QC [CZ]\u003cbr\u003e Classe C\u003cbr\u003e SFC à 3 500 pieds (3 300 pieds AAE)","reference":"Control Zone Transponder Required CDAH section: 3.5.4-10","referenceHtml":"Control Zone\u003cbr\u003eTransponder Required\u003cbr\u003eCDAH section: 3.5.4-10","referenceFr":"Zone de contrôle Transponder Required Section CDAH : 3.5.4-10","referenceFrHtml":"Zone de contrôle\u003cbr\u003eTransponder Required\u003cbr\u003eSection CDAH : 3.5.4-10","class":"C","type":"CZ","altLow":"0","altLowNum":0,"altLowRef":"AGL","altHigh":"3500","altHighNum":3500,"altHighRef":"MSL","vlosRpas":"-1","Shape_Length":82282.520472649718,"Shape_Area":537401969.62690568}},{"type":"Feature","id":41,"geometry":{"type":"Polygon","coordinates":[[[-70.96845000068781,48.457960000098467],[-70.953359999200558,48.468080000012449],[-70.941209999856511,48.479809999729206],[-70.932250000685954,48.492750000832991],[-70.92674999975327,48.506509999811406],[-70.924859999960276,48.52069000036029],[-70.926639999387575,48.534870000148793],[-70.932049999503676,48.548649999913415],[-70.940929999312957,48.561620000079458],[-70.953019999661947,48.573390000208398],[-70.967970000141577,48.583620000701742],[-70.985350000803592,48.5920199999548],[-71.004639999941375,48.598340000397478],[-71.02526999989918,48.602380000189882],[-71.046649999107316,48.604039999685135],[-71.068149999999648,48.603259999841434],[-71.089129999978041,48.60007000015613],[-71.108970000009464,48.594560000315113],[-71.127100000327729,48.586890000163542],[-71.142980000104913,48.57728000042259],[-71.156149999841318,48.566029999600438],[-71.16623000048213,48.553449999377371],[-71.17291999935351,48.539920000478098],[-71.176019999630171,48.525840000060576],[-71.175460000191322,48.511609999625236],[-71.171249999797993,48.497649999247713],[-71.163509999915789,48.484369999951355],[-71.152480000174151,48.472160000724905],[-71.138480000200104,48.461369999610433],[-71.121909999986798,48.45232000064442],[-71.103239999346158,48.445309999859063],[-71.087520069364786,48.443056223344421],[-71.071801758490537,48.440799964215394],[-71.056085068266341,48.438541222911972],[-71.040370000234049,48.436279999874529],[-71.029757265273702,48.442831513816252],[-71.019141354200002,48.449382018957166],[-71.008522266139636,48.455931514655816],[-70.997900000219474,48.462480000270631],[-70.983174240164502,48.460221088107929],[-70.96845000068781,48.457960000098467]]]},"properties":{"OBJECTID":41,"name":"St-Honore, QC [CZ] Class C SFC to 4000ft (3500ft AAE)","nameHtml":"St-Honore, QC [CZ]\u003cbr\u003eClass C\u003cbr\u003eSFC to 4000ft (3500ft AAE)","nameFr":"St-Honoré, QC [CZ]  Classe C  SFC à 4 000 pieds (3 500 pieds AAE)","nameFrHtml":"St-Honoré, QC [CZ]\u003cbr\u003e Classe C\u003cbr\u003e SFC à 4 000 pieds (3 500 pieds AAE)","reference":"Control Zone Transponder Required CDAH section: 3.5.4-12","referenceHtml":"Control Zone\u003cbr\u003eTransponder Required\u003cbr\u003eCDAH section: 3.5.4-12","referenceFr":"Zone de contrôle Transponder Required Section CDAH : 3.5.4-12","referenceFrHtml":"Zone de contrôle\u003cbr\u003eTransponder Required\u003cbr\u003eSection CDAH : 3.5.4-12","class":"C","type":"CZ","altLow":"0","altLowNum":0,"altLowRef":"AGL","altHigh":"4000","altHighNum":4000,"altHighRef":"MSL","vlosRpas":"-1","Shape_Length":59085.21159898449,"Shape_Area":265430945.44002602}},{"type":"Feature","id":42,"geometry":{"type":"Polygon","coordinates":[[[-73.583259999701326,45.385009999859484],[-73.569854706375736,45.388551597808814],[-73.556447365813327,45.392091318487154],[-73.543037978658276,45.395629161367992],[-73.529626545555629,45.399165125924803],[-73.516213067151313,45.402699211631358],[-73.502797544092132,45.406231417961443],[-73.489379977025777,45.409761744389115],[-73.475960366600802,45.413290190388501],[-73.462538713466628,45.416816755433935],[-73.449115018273588,45.420341438999884],[-73.435689281672865,45.423864240560917],[-73.422261504316538,45.427385159591886],[-73.408831686857539,45.43090419556767],[-73.395399829949696,45.434421347963372],[-73.381965934247731,45.437936616254213],[-73.368530000407233,45.441449999915584],[-73.350749999925952,45.448369999253089],[-73.334899999981303,45.457299999942329],[-73.321440000411769,45.468000000067924],[-73.310790000063889,45.480149999765203],[-73.303239999447015,45.493390000295918],[-73.299020000143258,45.50733999944417],[-73.298259999598898,45.521599999912098],[-73.301279999998343,45.535680000387302],[-73.277886401728395,45.538452908420858],[-73.254490000996668,45.541220000467185],[-73.261429999660777,45.558980000048088],[-73.272699999893931,45.57564000070856],[-73.280138776562637,45.583240188565348],[-73.287580000444763,45.590840000123812],[-73.296643687358994,45.597530355545743],[-73.305709999643312,45.604220000324709],[-73.316173731157235,45.609820526091234],[-73.326640000250578,45.615420000063502],[-73.338233903186222,45.619790681260334],[-73.349830000554533,45.624159999602824],[-73.362274181065956,45.627200808279191],[-73.374720000265725,45.630239999938702],[-73.387689543609469,45.63186589141327],[-73.400659999925224,45.633489999340739],[-73.41383995001658,45.633665925295432],[-73.427020000023148,45.633839999566355],[-73.440080355344193,45.63258590602625],[-73.453140000667815,45.631330000046205],[-73.458219999694336,45.61969999973811],[-73.457099999428962,45.599030000288217],[-73.465826704246439,45.590005254985805],[-73.474550000662916,45.580979999623544],[-73.483377896395496,45.571558251483381],[-73.492202193755844,45.562136001623124],[-73.501022894626502,45.552713250810768],[-73.509840000888971,45.543289999813851],[-73.522889999878927,45.532899999215182],[-73.518183052406982,45.513749434552977],[-73.513479999628913,45.494600000043484],[-73.523167810554199,45.481165164164899],[-73.532850000277435,45.467729999669984],[-73.539080000272278,45.46298999968343],[-73.539729999625095,45.459300000065994],[-73.548039999564438,45.448630000303197],[-73.55895999971419,45.445320000380669],[-73.574410000016798,45.442829999659786],[-73.588718633871352,45.431060835022251],[-73.603020000514647,45.419289999984748],[-73.611230000944659,45.415959999805224],[-73.620459999401305,45.415309999704029],[-73.611155440426259,45.407736065795078],[-73.601853921563404,45.400161420769891],[-73.592555441694444,45.392586065250732],[-73.583259999701326,45.385009999859484]]]},"properties":{"OBJECTID":42,"name":"St-Hubert, QC [CZ] Class C SFC to 2000ft (1900ft AAE)","nameHtml":"St-Hubert, QC [CZ]\u003cbr\u003eClass C\u003cbr\u003eSFC to 2000ft (1900ft AAE)","nameFr":"Saint-Hubert, QC [CZ]  Classe C  SFC à 2 000 pieds (1 900 pieds AAE)","nameFrHtml":"Saint-Hubert, QC [CZ]\u003cbr\u003e Classe C\u003cbr\u003e SFC à 2 000 pieds (1 900 pieds AAE)","reference":"Control Zone Transponder Required CDAH section: 3.5.4-14","referenceHtml":"Control Zone\u003cbr\u003eTransponder Required\u003cbr\u003eCDAH section: 3.5.4-14","referenceFr":"Zone de contrôle Transponder Required Section CDAH : 3.5.4-14","referenceFrHtml":"Zone de contrôle\u003cbr\u003eTransponder Required\u003cbr\u003eSection CDAH : 3.5.4-14","class":"C","type":"CZ","altLow":"0","altLowNum":0,"altLowRef":"AGL","altHigh":"2000","altHighNum":2000,"altHighRef":"MSL","vlosRpas":"-1","Shape_Length":90541.65992242581,"Shape_Area":400710492.96402854}},{"type":"Feature","id":43,"geometry":{"type":"Polygon","coordinates":[[[-71.103239999346158,48.445309999859063],[-71.11843523120443,48.447490980155756],[-71.133631976223768,48.449669640529166],[-71.148830233009349,48.451845980582192],[-71.16403000016534,48.454019999918117],[-71.17887351859207,48.4436409493931],[-71.193710000891272,48.433259999351442],[-71.20548322290621,48.421265481721356],[-71.217249998974495,48.409270000250473],[-71.225742548229093,48.396115101643531],[-71.234230000742727,48.382960000661136],[-71.239196577529327,48.369029829017961],[-71.244159999806428,48.355099999992305],[-71.24675000019856,48.326529999521156],[-71.241950000040049,48.298080000728078],[-71.235923115267653,48.284339894209822],[-71.22989999996183,48.270599999528024],[-71.220432232706557,48.257750199987683],[-71.210970000640586,48.244899999756079],[-71.198351675048556,48.233310600380655],[-71.18574000020746,48.221719999786558],[-71.17033650777914,48.211746050774501],[-71.154940000079506,48.201770000558774],[-71.137211745815833,48.193691495080245],[-71.119490001230801,48.185609999669182],[-71.099957364783876,48.17967188366687],[-71.080429999799009,48.173730000771648],[-71.059668287855018,48.170102169969645],[-71.038909999604869,48.166469999397421],[-71.017524409645986,48.165257321540523],[-70.99614000002147,48.164039999472365],[-70.974760602481894,48.165282320483229],[-70.95338000060174,48.166519999649111],[-70.932636725307546,48.170182166257881],[-70.911890000513381,48.173840000109088],[-70.892377645020858,48.179806880079653],[-70.872859999931109,48.185770000040506],[-70.85516325811453,48.193871490239466],[-70.837459999687169,48.201970000513107],[-70.822093494351634,48.211971045301866],[-70.806720000391834,48.221969999810476],[-70.79413832027619,48.233570596408072],[-70.781549999467131,48.24517000017704],[-70.772122760821262,48.258035196421091],[-70.76269000098641,48.270899999865797],[-70.756711873051003,48.28464989077176],[-70.750730001057477,48.298399999825747],[-70.745999999835249,48.326849999126338],[-70.748680000080583,48.355419999744925],[-70.75368341086876,48.369344830756511],[-70.758690000459524,48.383269999909594],[-70.76721744174894,48.39641510488309],[-70.77574999992963,48.409559999782935],[-70.787731748142562,48.421445511365313],[-70.79971999988058,48.433329999465265],[-70.814977328120008,48.426646108750198],[-70.830229999749164,48.419960000333347],[-70.839888750632127,48.425626270015982],[-70.849550000648733,48.431291693504932],[-70.859213750352481,48.436956270344965],[-70.868880000296684,48.442620000080716],[-70.893765955794407,48.446464327524232],[-70.918656278342098,48.45030243792678],[-70.943550961966636,48.454134329410095],[-70.96845000068781,48.457960000098467],[-70.983174240164502,48.460221088107929],[-70.997900000219474,48.462480000270631],[-71.008522266139636,48.455931514655816],[-71.019141354200002,48.449382018957166],[-71.029757265273702,48.442831513816252],[-71.040370000234049,48.436279999874529],[-71.056085068266341,48.438541222911972],[-71.071801758490537,48.440799964215394],[-71.087520069364786,48.443056223344421],[-71.103239999346158,48.445309999859063]]]},"properties":{"OBJECTID":43,"name":"Bagotville, QC [CZ] Class D SFC to 6000ft (5500ft AAE)","nameHtml":"Bagotville, QC [CZ]\u003cbr\u003eClass D\u003cbr\u003eSFC to 6000ft (5500ft AAE)","nameFr":"Bagotville, QC [CZ]  Classe D  SFC à 6 000 pieds (5 500 pieds AAE)","nameFrHtml":"Bagotville, QC [CZ]\u003cbr\u003e Classe D\u003cbr\u003e SFC à 6 000 pieds (5 500 pieds AAE)","reference":"Control Zone CDAH section: 3.5.4-17","referenceHtml":"Control Zone\u003cbr\u003eCDAH section: 3.5.4-17","referenceFr":"Zone de contrôle Section MEAD: 3.5.4-17 ","referenceFrHtml":"Zone de contrôle\u003cbr\u003eSection MEAD: 3.5.4-17\u003cbr\u003e","class":"D","type":"CZ","altLow":"0","altLowNum":0,"altLowRef":"AGL","altHigh":"6000","altHighNum":6000,"altHighRef":"MSL","vlosRpas":"-1","Shape_Length":116590.25040248595,"Shape_Area":980358890.86737001}},{"type":"Feature","id":44,"geometry":{"type":"Polygon","coordinates":[[[-73.30163000018409,45.212449999550188],[-73.281110000260497,45.211190000111735],[-73.260579999155482,45.212449999816506],[-73.240679999855004,45.216200000796633],[-73.222010000621594,45.222320000473736],[-73.205120000409693,45.230640000392647],[-73.19052999973411,45.240889999727543],[-73.17868999940201,45.252770000332703],[-73.169950000275065,45.265909999535431],[-73.164590000251266,45.279920000510224],[-73.162760000205765,45.294379999630415],[-73.164529999934388,45.308840000593889],[-73.169840000109474,45.322859999462658],[-73.17854000013547,45.336019999432843],[-73.190360000663006,45.347920000158844],[-73.204949999415021,45.358190000468475],[-73.221859999805019,45.366520000477493],[-73.240569999283139,45.372669999908631],[-73.260530000494882,45.376429999487648],[-73.281110000033905,45.37769000021185],[-73.301690000313201,45.376429999895791],[-73.321640000754996,45.372669999330661],[-73.340360000304443,45.366520000125874],[-73.357259999876703,45.358190000041013],[-73.371850000154268,45.347920000115359],[-73.383670000524717,45.336020000293857],[-73.392370000128068,45.322860000475167],[-73.39768999962827,45.308839999236042],[-73.399449999699982,45.2943800002326],[-73.397629999075519,45.279919999222976],[-73.392259999458204,45.265909999941883],[-73.383519999943871,45.252770000919973],[-73.371680000439369,45.240889999822755],[-73.357090000636759,45.230639999642129],[-73.340209999857976,45.222320000069551],[-73.321530000104545,45.216200000240718],[-73.30163000018409,45.212449999550188]]]},"properties":{"OBJECTID":44,"name":"St-Jean, QC [CZ] Class D SFC to 3000ft (2900ft AAE)","nameHtml":"St-Jean, QC [CZ]\u003cbr\u003eClass D\u003cbr\u003eSFC to 3000ft (2900ft AAE)","nameFr":"Saint-Jean, QC [CZ]  Classe D  SFC à 3 000 pieds (2 900 pieds AAE)","nameFrHtml":"Saint-Jean, QC [CZ]\u003cbr\u003e Classe D\u003cbr\u003e SFC à 3 000 pieds (2 900 pieds AAE)","reference":"Control Zone CDAH section: 3.5.4-19","referenceHtml":"Control Zone\u003cbr\u003eCDAH section: 3.5.4-19","referenceFr":"Zone de contrôle Section MEAD: 3.5.4-19 ","referenceFrHtml":"Zone de contrôle\u003cbr\u003eSection MEAD: 3.5.4-19\u003cbr\u003e","class":"D","type":"CZ","altLow":"0","altLowNum":0,"altLowRef":"AGL","altHigh":"3000","altHighNum":3000,"altHighRef":"MSL","vlosRpas":"-1","Shape_Length":59095.869992314954,"Shape_Area":277203153.49973577}},{"type":"Feature","id":45,"geometry":{"type":"Polygon","coordinates":[[[-66.41764999942805,45.868150000224432],[-66.419230000029415,45.882410000070955],[-66.424280000315406,45.896269999632715],[-66.432669999782817,45.909319999817988],[-66.444149999471676,45.921179999887237],[-66.458390000284737,45.931500000075822],[-66.474959999932025,45.939970000187358],[-66.49336999994506,45.946339999849414],[-66.513079999995355,45.950419999429144],[-66.533510000161343,45.952089999424963],[-66.554049999792909,45.951300000173788],[-66.574090000489761,45.948070000110008],[-66.59303000078215,45.942510000535911],[-66.610319999475692,45.934769999544848],[-66.625449999959358,45.925089999713826],[-66.637970000974491,45.913740000173469],[-66.647499999811629,45.901079999465871],[-66.653779999979562,45.887460000046794],[-66.656620000135149,45.873299999642008],[-66.655930000421904,45.859009999975413],[-66.651740000359013,45.84501000034674],[-66.644169999739418,45.83171000022579],[-66.633459999880017,45.819519999771281],[-66.619910000023737,45.808780000597501],[-66.60393999982287,45.799810000493366],[-66.586000000671191,45.792869999476487],[-66.566619999613337,45.788180000606417],[-66.546390000120198,45.785860000161058],[-66.525880000094745,45.785989999848347],[-66.505710000289341,45.788570000278156],[-66.486469998947754,45.793510000416703],[-66.486109999644952,45.800000000639642],[-66.480514053401649,45.811104823865215],[-66.474915405944628,45.822209765162356],[-66.469314055398684,45.83331482396521],[-66.463709999886888,45.844419999707725],[-66.46175000008158,45.847500000098321],[-66.459050000340682,45.850289999751887],[-66.455720000665011,45.852730000186575],[-66.451839999576507,45.854740000077612],[-66.447539999880973,45.856269999845317],[-66.44291999943033,45.857270000418943],[-66.438130000282285,45.857719999705878],[-66.433299999810345,45.857609999701005],[-66.428570000632945,45.856929999662825],[-66.424060000541459,45.855700000162365],[-66.419940000337903,45.853960000869407],[-66.41764999942805,45.868150000224432]]]},"properties":{"OBJECTID":45,"name":"Fredericton, NB [CZ] Class D SFC to 3500ft (3400ft AAE)","nameHtml":"Fredericton, NB [CZ]\u003cbr\u003eClass D\u003cbr\u003eSFC to 3500ft (3400ft AAE)","nameFr":"Fredericton, Nouveau-Brunswick [CZ]  Classe D  SFC à 3 500 pieds (3 400 pieds AAE)","nameFrHtml":"Fredericton, Nouveau-Brunswick [CZ]\u003cbr\u003e Classe D\u003cbr\u003e SFC à 3 500 pieds (3 400 pieds AAE)","reference":"Control Zone CDAH section: 3.6.4-3","referenceHtml":"Control Zone\u003cbr\u003eCDAH section: 3.6.4-3","referenceFr":"Zone de contrôle Section MEAD: 3.6.4-3 ","referenceFrHtml":"Zone de contrôle\u003cbr\u003eSection MEAD: 3.6.4-3\u003cbr\u003e","class":"D","type":"CZ","altLow":"0","altLowNum":0,"altLowRef":"AGL","altHigh":"3500","altHighNum":3500,"altHighRef":"MSL","vlosRpas":"-1","Shape_Length":60258.690467838132,"Shape_Area":258304706.75847855}},{"type":"Feature","id":46,"geometry":{"type":"Polygon","coordinates":[[[-64.973189999811041,44.8748999994637],[-64.959344223253041,44.872276021659587],[-64.945499999937326,44.869649999423451],[-64.931219729704608,44.868766100187223],[-64.916939999556106,44.867880000518248],[-64.902660269629934,44.868766100200943],[-64.888379999619531,44.869649999450992],[-64.874535776202535,44.87227602149639],[-64.860689999543354,44.874899999109758],[-64.847691190446696,44.879185876998029],[-64.834690000326631,44.883470000209023],[-64.822936461408588,44.889285681010549],[-64.811180000232511,44.895100000162834],[-64.801026557927599,44.902275457391127],[-64.790869999985986,44.909450000143977],[-64.782621466207516,44.917760233936171],[-64.774370000066057,44.926069999847797],[-64.768286197433724,44.935270036416405],[-64.762199999586585,44.94447000019273],[-64.754709999690704,44.964079999808881],[-64.752150000429893,44.984320000014129],[-64.754599999819845,45.004560000465993],[-64.761980000230594,45.024199999650094],[-64.768028805709136,45.033415033893618],[-64.774080000623044,45.042629999734714],[-64.782308530806588,45.050960231714825],[-64.790540000151779,45.059290000215135],[-64.800693433556248,45.066485456472307],[-64.810850000304811,45.073680000592887],[-64.822623526750021,45.079515681221942],[-64.834400000321637,45.085349999506931],[-64.84743379798617,45.089650878520743],[-64.860470000312873,45.093949999377188],[-64.874369214298227,45.096586025923585],[-64.888269999815151,45.09921999959829],[-64.902604727888772,45.100106103759614],[-64.916940000334122,45.100989999442376],[-64.931275272031627,45.100106103929733],[-64.945609999357529,45.09921999993874],[-64.959510785635572,45.096586026575764],[-64.973410000382088,45.093950000340875],[-64.9864462024575,45.089650879259025],[-64.999479999870616,45.085350000019893],[-65.011256473491642,45.079515680924118],[-65.023029999985809,45.073679999484312],[-65.033186566671802,45.06648545616283],[-65.043340000014069,45.059290000704785],[-65.051571469637679,45.050960232088194],[-65.0598000000995,45.042629999991753],[-65.065851194591204,45.033415033891089],[-65.071899999647641,45.024199999388102],[-65.079280000665392,45.004560000111375],[-65.081729999846331,44.984319999836963],[-65.079169999915578,44.964079999910055],[-65.071679999878,44.944469999861035],[-65.06559380230847,44.93527003645962],[-65.059509999953576,44.926070000265902],[-65.05125853393362,44.917760233734249],[-65.043010000276809,44.90944999932205],[-65.032853442067591,44.902275456695477],[-65.022699999495089,44.895099999593377],[-65.010943538612835,44.889285680539935],[-64.999189999988488,44.883469999837331],[-64.986188809388125,44.879185876989254],[-64.973189999811041,44.8748999994637]]]},"properties":{"OBJECTID":46,"name":"Greenwood, NS [CZ] Class D SFC to 5000ft (4900ft AAE)","nameHtml":"Greenwood, NS [CZ]\u003cbr\u003eClass D\u003cbr\u003eSFC to 5000ft (4900ft AAE)","nameFr":"Greenwood, Nouvelle-Écosse [CZ]  Classe D  SFC à 5 000 pieds (4 900 pieds AAE)","nameFrHtml":"Greenwood, Nouvelle-Écosse [CZ]\u003cbr\u003e Classe D\u003cbr\u003e SFC à 5 000 pieds (4 900 pieds AAE)","reference":"Control Zone CDAH section: 3.6.4-5","referenceHtml":"Control Zone\u003cbr\u003eCDAH section: 3.6.4-5","referenceFr":"Zone de contrôle Section MEAD: 3.6.4-5 ","referenceFrHtml":"Zone de contrôle\u003cbr\u003eSection MEAD: 3.6.4-5\u003cbr\u003e","class":"D","type":"CZ","altLow":"0","altLowNum":0,"altLowRef":"AGL","altHigh":"5000","altHighNum":5000,"altHighRef":"MSL","vlosRpas":"-1","Shape_Length":82834.320996010982,"Shape_Area":544633683.51035786}},{"type":"Feature","id":47,"geometry":{"type":"Polygon","coordinates":[[[-63.564760000352415,44.771290000413337],[-63.550934226051609,44.768666021162637],[-63.537109999946033,44.766039999885841],[-63.522859731042388,44.765156097557664],[-63.508610000114565,44.764270000091436],[-63.494355268970338,44.765156098444059],[-63.480099999661469,44.766040000115659],[-63.466275773550301,44.768666020710604],[-63.452449999244301,44.771289999279382],[-63.439476185548827,44.775575874573882],[-63.426499999705648,44.779859999354983],[-63.414771455323894,44.785675678584674],[-63.403040000172766,44.791490000629572],[-63.39290155275345,44.79866545642502],[-63.382759999928815,44.805840000261092],[-63.374531459972282,44.814150232038671],[-63.366300000057443,44.822459999833157],[-63.360221194029137,44.831660035344413],[-63.354139999089419,44.840860000037075],[-63.346669999903504,44.860469999395605],[-63.344109999986827,44.880710000595194],[-63.346560001065477,44.900949999829976],[-63.353929999653325,44.920590000477908],[-63.359968809591571,44.929805033487334],[-63.366010000679822,44.939020000730402],[-63.374218537090741,44.947350230265691],[-63.382430000187888,44.955680000214549],[-63.392568438490109,44.962875455066587],[-63.402709999814491,44.970070000291251],[-63.414463531340452,44.975905679693106],[-63.426219999630867,44.981739999925921],[-63.439228802126905,44.986040877061733],[-63.452240000302353,44.990340000170953],[-63.466114216956157,44.992976024667783],[-63.479989999457324,44.995610000152546],[-63.494299728097715,44.996496102478403],[-63.508609999170403,44.997380000029217],[-63.522920270896705,44.996496102642993],[-63.537230000190746,44.995610000481548],[-63.551100782756237,44.992976023950703],[-63.564970000038443,44.990339999903433],[-63.577986198562094,44.986040877335824],[-63.591000000485565,44.981739999338451],[-63.602751467585009,44.975905678715279],[-63.614499999169425,44.97007000019078],[-63.624641561315642,44.962875455116723],[-63.634780000439534,44.955680000415093],[-63.642991463306402,44.94735022995259],[-63.651199999486948,44.939019999903707],[-63.657246191013577,44.929805033181275],[-63.663289999419334,44.92059000004032],[-63.670660000479373,44.900950000035202],[-63.673100000830949,44.880709999560629],[-63.670540000082269,44.860470000762341],[-63.663070000767107,44.840859999982229],[-63.65699380682085,44.831660035102495],[-63.650919999821426,44.822460000061291],[-63.642683539225985,44.814150232480586],[-63.634450000362847,44.805840000026407],[-63.624313448402631,44.798665455397895],[-63.614180000316516,44.791489999906844],[-63.602443544153175,44.785675679283806],[-63.590709999999625,44.779860000206277],[-63.577733814102203,44.775575875566517],[-63.564760000352415,44.771290000413337]]]},"properties":{"OBJECTID":47,"name":"Halifax/Stanfield Intl, NS [CZ] Class D SFC to 3000ft AGL","nameHtml":"Halifax/Stanfield Intl, NS [CZ]\u003cbr\u003eClass D\u003cbr\u003eSFC to 3000ft AGL","nameFr":"Halifax/Stanfield Intl, Nouvelle-Écosse [CZ]  Classe D  SFC à 3 000 pieds AGL","nameFrHtml":"Halifax/Stanfield Intl, Nouvelle-Écosse [CZ]\u003cbr\u003e Classe D\u003cbr\u003e SFC à 3 000 pieds AGL","reference":"Control Zone CDAH section: 3.6.4-7","referenceHtml":"Control Zone\u003cbr\u003eCDAH section: 3.6.4-7","referenceFr":"Zone de contrôle Section MEAD: 3.6.4-7 ","referenceFrHtml":"Zone de contrôle\u003cbr\u003eSection MEAD: 3.6.4-7\u003cbr\u003e","class":"D","type":"CZ","altLow":"0","altLowNum":0,"altLowRef":"AGL","altHigh":"3000AGL","altHighNum":3000,"altHighRef":"AGL","vlosRpas":"-1","Shape_Length":82867.968409297391,"Shape_Area":545076222.3015765}},{"type":"Feature","id":48,"geometry":{"type":"Polygon","coordinates":[[[-64.723630000362945,45.99920999994108],[-64.709564509697657,45.99761104316277],[-64.695500000316571,45.996010000629212],[-64.681245023634133,45.996086076175622],[-64.666990000334195,45.996159999693212],[-64.652960533769402,45.99790603650456],[-64.638929999648624,45.999649999737755],[-64.625525984999328,46.003020930805782],[-64.612120000311748,46.00639000008109],[-64.599726321884035,46.011280770464246],[-64.587329999838843,46.016170000536519],[-64.576301510544468,46.022450573105807],[-64.565269999443672,46.028730000115161],[-64.555926524888562,46.036210361509575],[-64.546580000183468,46.043690000381226],[-64.53919136615859,46.05216016010516],[-64.531800000047753,46.060630000356269],[-64.526581049997631,46.069844991159364],[-64.521359999691015,46.079059999169225],[-64.515559999155357,46.098460000366629],[-64.514579999759803,46.118249999556262],[-64.518450000317131,46.137870000230713],[-64.527060000582551,46.156749999791671],[-64.533613737712869,46.165555087921319],[-64.540169999298755,46.174359999483123],[-64.548783511275175,46.182260280032637],[-64.557400000951489,46.190160000043022],[-64.567828453167465,46.196940492022648],[-64.578260000159446,46.203720000078476],[-64.590198574814337,46.209175699130661],[-64.602140000564134,46.214630000265942],[-64.615248859758893,46.218605878636332],[-64.628360000490375,46.222580000444154],[-64.642254276101852,46.224961008438072],[-64.656149999730516,46.227340000400538],[-64.670424777926087,46.228051073872287],[-64.684699999931794,46.228760000168542],[-64.698945302733776,46.227791068295105],[-64.713190000480509,46.226819999813664],[-64.726990795040948,46.224190992063775],[-64.740790000444107,46.221560000461928],[-64.753741194786926,46.217345853388565],[-64.766689999421274,46.213130000696886],[-64.778341461827353,46.207395657847385],[-64.789989999692025,46.201660000383519],[-64.781096989782782,46.192215773496045],[-64.772207654514986,46.182771030619577],[-64.763321991935783,46.173325772531754],[-64.754440000093268,46.163880000009868],[-64.752499999822732,46.16153000031391],[-64.751200000009547,46.158970000624493],[-64.750509999157273,46.156299999967885],[-64.750459999591911,46.153590000287501],[-64.751039999359705,46.150900000271321],[-64.752249999411191,46.148319999721643],[-64.754039999795268,46.145910000181956],[-64.756380000226386,46.143729999403526],[-64.75919000005581,46.141840000508843],[-64.762410000536349,46.140300000097199],[-64.765950000601293,46.139140000006087],[-64.769719999276305,46.138389999985108],[-64.773609999385528,46.138050000386933],[-64.791873078993135,46.137570283742612],[-64.810135774195558,46.137087044736525],[-64.828398082192223,46.136600283498588],[-64.846660000182965,46.136110000159732],[-64.850519999683655,46.116509999820543],[-64.849110000485425,46.09673000071988],[-64.842889999368893,46.077400000405774],[-64.83747391642423,46.068235004567249],[-64.83206000030863,46.059070000719679],[-64.82448861435104,46.050680176522718],[-64.81692000051747,46.042289999515511],[-64.807413468694563,46.034905379135573],[-64.797909999770312,46.027519999219038],[-64.786743499595147,46.021360590752998],[-64.77557999970351,46.015199999607717],[-64.763078700613448,46.010435786080293],[-64.750579999345518,46.005670000188282],[-64.737104050835811,46.002440942601559],[-64.723630000362945,45.99920999994108]]]},"properties":{"OBJECTID":48,"name":"Moncton/Greater Moncton Intl, NB [CZ] Class D SFC to 3500ft (3300ft AAE)","nameHtml":"Moncton/Greater Moncton Intl, NB [CZ]\u003cbr\u003eClass D\u003cbr\u003eSFC to 3500ft (3300ft AAE)","nameFr":"Moncton/Aéroport international du Grand Moncton, Nouveau-Brunswick [CZ]  Classe D  SFC à 3 500 pieds (3 300 pieds AAE)","nameFrHtml":"Moncton/Aéroport international du Grand Moncton, Nouveau-Brunswick [CZ]\u003cbr\u003e Classe D\u003cbr\u003e SFC à 3 500 pieds (3 300 pieds AAE)","reference":"Control Zone CDAH section: 3.6.4-9","referenceHtml":"Control Zone\u003cbr\u003eCDAH section: 3.6.4-9","referenceFr":"Zone de contrôle Section MEAD: 3.6.4-9 ","referenceFrHtml":"Zone de contrôle\u003cbr\u003eSection MEAD: 3.6.4-9\u003cbr\u003e","class":"D","type":"CZ","altLow":"0","altLowNum":0,"altLowRef":"AGL","altHigh":"3500","altHighNum":3500,"altHighRef":"MSL","vlosRpas":"-1","Shape_Length":88482.970060772088,"Shape_Area":505879550.78518736}},{"type":"Feature","id":49,"geometry":{"type":"Polygon","coordinates":[[[-63.53940000057419,44.56148000014322],[-63.519730000630403,44.557729999785778],[-63.499440000645585,44.556459999774795],[-63.479150000593854,44.557730000173962],[-63.459479999578257,44.561479999521374],[-63.441010000192954,44.567599999847857],[-63.424309999906356,44.575919999872148],[-63.40988999942816,44.586169999999228],[-63.398180000407862,44.598049999944209],[-63.389539999659945,44.611190000229286],[-63.384239999013275,44.625199999621167],[-63.382430000591448,44.639660000337848],[-63.38417999955572,44.6541200002195],[-63.389440000301526,44.668140000105552],[-63.398039999992058,44.681300000627758],[-63.409730000281094,44.693200000689203],[-63.424150000227293,44.70347000014506],[-63.440859999638931,44.711800000001055],[-63.45936999936022,44.717939999728316],[-63.479090000081371,44.721700000024434],[-63.499439999486917,44.72296999975859],[-63.519789999459164,44.721699999961231],[-63.539510000904762,44.717940000105777],[-63.558010000514166,44.711800000131731],[-63.574730000468207,44.703469999781305],[-63.589150000601443,44.693199999601021],[-63.600839999352068,44.681300000676956],[-63.609440000004618,44.668139999988938],[-63.614699999831082,44.654120000182878],[-63.616440000218333,44.639659999842294],[-63.614640000097708,44.625199999796962],[-63.609329999508347,44.611189999499864],[-63.600700000253724,44.59805000035761],[-63.588989999686561,44.586170000717651],[-63.574569999510288,44.575920000058176],[-63.557870000261239,44.567599999486326],[-63.53940000057419,44.56148000014322]]]},"properties":{"OBJECTID":49,"name":"Shearwater, NS (Heliport) [CZ] Class D SFC to 3500ft (3300ft AAE)","nameHtml":"Shearwater, NS (Heliport) [CZ]\u003cbr\u003eClass D\u003cbr\u003eSFC to 3500ft (3300ft AAE)","nameFr":"Shearwater, Nouvelle-Écosse (Héliport) [CZ]  Classe D  SFC à 3 500 pieds (3 300 pieds AAE)","nameFrHtml":"Shearwater, Nouvelle-Écosse (Héliport) [CZ]\u003cbr\u003e Classe D\u003cbr\u003e SFC à 3 500 pieds (3 300 pieds AAE)","reference":"Control Zone CDAH section: 3.6.4-11","referenceHtml":"Control Zone\u003cbr\u003eCDAH section: 3.6.4-11","referenceFr":"Zone de contrôle Section MEAD: 3.6.4-11 ","referenceFrHtml":"Zone de contrôle\u003cbr\u003eSection MEAD: 3.6.4-11\u003cbr\u003e","class":"D","type":"CZ","altLow":"0","altLowNum":0,"altLowRef":"AGL","altHigh":"3500","altHighNum":3500,"altHighRef":"MSL","vlosRpas":"-1","Shape_Length":59247.226986808899,"Shape_Area":278624838.7177524}},{"type":"Feature","id":50,"geometry":{"type":"Polygon","coordinates":[[[-54.657150000467134,48.83902000056397],[-54.643153620046157,48.834735955819525],[-54.629160000286419,48.830450000355718],[-54.614254101600224,48.827831104608045],[-54.59935000038741,48.825210000230889],[-54.583979687115793,48.824326183857032],[-54.568609999904233,48.82343999956047],[-54.553235313231518,48.824326184761432],[-54.537860000295218,48.825210000497485],[-54.522955898869938,48.827831104450979],[-54.508049999971739,48.830449999774856],[-54.494056380191068,48.834735955689027],[-54.480059999749066,48.8390200008837],[-54.467406694705431,48.844835753935243],[-54.454750001304056,48.85065000016899],[-54.443816807195098,48.857825524075892],[-54.4328799995575,48.86500000014648],[-54.423996700906265,48.873310294712077],[-54.415110000646095,48.881620000395948],[-54.408551390414026,48.890815092141203],[-54.401990000248347,48.90001000014238],[-54.393929999048673,48.919619999987361],[-54.391159999824836,48.939860000135965],[-54.39378999947634,48.960100000461175],[-54.401729999609444,48.979740000808825],[-54.408238614886194,48.988955089082665],[-54.414750000381503,48.998170000071504],[-54.423608294623797,49.006505291631271],[-54.4324700002526,49.014839999857777],[-54.44340318236388,49.022035522498044],[-54.454340000086702,49.029230000060736],[-54.467018290344797,49.035065753827595],[-54.479700000416116,49.040899999719741],[-54.493738602917936,49.045205957532566],[-54.507779999710579,49.049509999906242],[-54.522749087597646,49.052146109159686],[-54.537719999358472,49.054780000298877],[-54.553164684016181,49.05566619019568],[-54.56861000072827,49.056550000069748],[-54.58405031650976,49.055666189281276],[-54.599490000441641,49.05478000001245],[-54.614460912195682,49.052146108935617],[-54.629430000076233,49.049509999744423],[-54.643471397033423,49.045205957255703],[-54.65750999969984,49.040899999327628],[-54.670191709792434,49.035065753733015],[-54.682870000072043,49.029230000263453],[-54.693806818137432,49.022035522428631],[-54.704740000591009,49.014839999515964],[-54.713601706183439,49.006505291181426],[-54.722460000389219,48.998169999513522],[-54.728971385307936,48.98895508856404],[-54.735480000008174,48.979740000329528],[-54.743429999283421,48.960099999505438],[-54.746050000397553,48.939860000186322],[-54.743290000313053,48.919619999701041],[-54.735220000706683,48.900009999811083],[-54.728658609807205,48.890815091688587],[-54.722099998841493,48.881619999822028],[-54.713213299014015,48.873310294523733],[-54.704330000795053,48.865000000343883],[-54.693393193928422,48.857825523963029],[-54.682460000590318,48.850649999746267],[-54.669803306349735,48.844835753564055],[-54.657150000467134,48.83902000056397]]]},"properties":{"OBJECTID":50,"name":"Gander Intl, NL [CZ] Class D SFC to 3000ft AGL","nameHtml":"Gander Intl, NL [CZ]\u003cbr\u003eClass D\u003cbr\u003eSFC to 3000ft AGL","nameFr":"Aéroport international de Gander, Terre-Neuve-et-Labrador [CZ]  Classe D  SFC à 3 000 pieds AGL","nameFrHtml":"Aéroport international de Gander, Terre-Neuve-et-Labrador [CZ]\u003cbr\u003e Classe D\u003cbr\u003e SFC à 3 000 pieds AGL","reference":"Control Zone CDAH section: 3.7.6-3","referenceHtml":"Control Zone\u003cbr\u003eCDAH section: 3.7.6-3","referenceFr":"Zone de contrôle Section MEAD: 3.7.6-3 ","referenceFrHtml":"Zone de contrôle\u003cbr\u003eSection MEAD: 3.7.6-3\u003cbr\u003e","class":"D","type":"CZ","altLow":"0","altLowNum":0,"altLowRef":"AGL","altHigh":"3000AGL","altHighNum":3000,"altHighRef":"AGL","vlosRpas":"-1","Shape_Length":81713.860105045678,"Shape_Area":529999924.46388876}},{"type":"Feature","id":51,"geometry":{"type":"Polygon","coordinates":[[[-60.520810000639834,53.162660000015151],[-60.497427786747075,53.158917483094861],[-60.474049999970269,53.155170000088646],[-60.449939232423596,53.153912653430112],[-60.425830000700898,53.152650000149052],[-60.401720768049074,53.153912653163339],[-60.3776099995737,53.155169999554651],[-60.354227213615999,53.158917483610779],[-60.330839999595817,53.162659999445495],[-60.308888392160092,53.168772165360345],[-60.286930000512378,53.174879999781979],[-60.267064171905389,53.183181737122901],[-60.247189999817195,53.191479999227482],[-60.230019446554323,53.201711247658046],[-60.212840000618534,53.21193999958215],[-60.198874195832829,53.223800759446327],[-60.184900000968,53.235660000727933],[-60.174578436048364,53.248795326694498],[-60.164249999496384,53.261930000263959],[-60.157882260675379,53.275930004291958],[-60.151510000338298,53.289930000002862],[-60.147090000187163,53.318840000377023],[-60.151140000235976,53.347759999960843],[-60.157342789038132,53.361789995836922],[-60.163550000606918,53.37582000024161],[-60.173751583141225,53.388995315372945],[-60.183960000650316,53.402169999428409],[-60.197855788110431,53.414085748282105],[-60.211759999979819,53.425999999757693],[-60.228935501604226,53.436291243399765],[-60.24612000021537,53.446579999757986],[-60.266050762107284,53.454931739188915],[-60.28598999925314,53.463279999623829],[-60.30806153989171,53.469437174665138],[-60.33014000087757,53.475589999482828],[-60.353687739123579,53.479362500478999],[-60.377240000441013,53.48312999978684],[-60.401534214560392,53.484402673163054],[-60.4258300007562,53.485669999821006],[-60.450125786849142,53.484402673010891],[-60.474420000865592,53.4831299994826],[-60.497967261222165,53.479362499640047],[-60.521509999468485,53.475590000243734],[-60.54359346034277,53.469437175996099],[-60.565669999302237,53.463279999523401],[-60.585609237014474,53.454931739448689],[-60.60553999947296,53.446580000377686],[-60.622719497355774,53.436291242923005],[-60.639890000869734,53.425999999742778],[-60.653799213764394,53.41408574930901],[-60.667699999219955,53.402170000234996],[-60.677908417012077,53.388995315572991],[-60.688109999828804,53.375819999835059],[-60.694317211479493,53.361789995367644],[-60.700520000363355,53.347759999428796],[-60.704569999984663,53.318839999912726],[-60.700150000831584,53.289929999995039],[-60.693777739424718,53.275930004217187],[-60.687409999534601,53.261930000122135],[-60.677076562647699,53.248795326636248],[-60.666750000720015,53.235659999812384],[-60.652780806709124,53.223800758952791],[-60.638819999774014,53.211940000784267],[-60.621640553332576,53.201711248577794],[-60.604469999564564,53.191479999864818],[-60.584595827696376,53.183181737370447],[-60.564729999309755,53.174879999639934],[-60.542766607096446,53.168772166576531],[-60.520810000639834,53.162660000015151]]]},"properties":{"OBJECTID":51,"name":"Goose Bay, NL [CZ] Class D SFC to 4000ft (3800ft AAE)","nameHtml":"Goose Bay, NL [CZ]\u003cbr\u003eClass D\u003cbr\u003eSFC to 4000ft (3800ft AAE)","nameFr":"Goose Bay, T.-N.-L. [CZ]  Classe D  SFC à 4 000 pieds (3 800 pieds AAE)","nameFrHtml":"Goose Bay, T.-N.-L. [CZ]\u003cbr\u003e Classe D\u003cbr\u003e SFC à 4 000 pieds (3 800 pieds AAE)","reference":"Control Zone CDAH section: 3.7.6-5","referenceHtml":"Control Zone\u003cbr\u003eCDAH section: 3.7.6-5","referenceFr":"Zone de contrôle Section MEAD: 3.7.6-5 ","referenceFrHtml":"Zone de contrôle\u003cbr\u003eSection MEAD: 3.7.6-5\u003cbr\u003e","class":"D","type":"CZ","altLow":"0","altLowNum":0,"altLowRef":"AGL","altHigh":"4000","altHighNum":4000,"altHighRef":"MSL","vlosRpas":"-1","Shape_Length":115494.97372188669,"Shape_Area":1058792740.9321235}},{"type":"Feature","id":52,"geometry":{"type":"Polygon","coordinates":[[[-52.838229999735354,47.517629999538762],[-52.824593689412254,47.513345926931869],[-52.810959999897577,47.509060000194125],[-52.796429145977186,47.506441076022341],[-52.78189999947049,47.503820000507545],[-52.766919701935144,47.502936154377572],[-52.751939998962889,47.502050000215036],[-52.736960296972214,47.502936154378801],[-52.721980000418775,47.503820000510281],[-52.707450853509329,47.506441075962123],[-52.692919999186465,47.509060000070761],[-52.679286310167058,47.513345927102385],[-52.66565000033934,47.517630000003187],[-52.653316611060326,47.52345072808864],[-52.640980000893421,47.52927000032436],[-52.630326714549916,47.536440500402321],[-52.619669999784136,47.543609999351531],[-52.611016614045504,47.551920273193694],[-52.602359999672409,47.560230000644808],[-52.595971320052485,47.569430073296807],[-52.589580000544913,47.578630000492879],[-52.581720000123681,47.598239999944475],[-52.579030000530452,47.618479999310054],[-52.581590000078634,47.638720000072368],[-52.589330000276028,47.658359999972767],[-52.595673685002112,47.667575069956904],[-52.602020000262293,47.676790000075037],[-52.610653381541468,47.685120270780054],[-52.619290000033246,47.693449999499308],[-52.629943274596911,47.700645498876852],[-52.640600000425216,47.707839999959006],[-52.652953377211794,47.713675728189777],[-52.665310000284904,47.719510000258957],[-52.678993673479582,47.723815930367877],[-52.692680000095507,47.728119999708689],[-52.707264134567225,47.730756079519502],[-52.721850000184759,47.733390000820457],[-52.736894699879301,47.734276159072806],[-52.751939999380419,47.735159999506855],[-52.766985299786832,47.73427615855784],[-52.782030000386563,47.733389999790191],[-52.796615865452573,47.730756079161878],[-52.811199999373528,47.728120000023758],[-52.824881326206459,47.723815929794291],[-52.838560000587542,47.719510000199264],[-52.850921623868174,47.713675728556971],[-52.863279999548659,47.707839999485799],[-52.873936725010012,47.700645499045692],[-52.884589999207144,47.693450000310015],[-52.893221617466502,47.685120270595249],[-52.901850000387149,47.676789999780198],[-52.908201316362089,47.667575069948882],[-52.914549999729928,47.658359999599902],[-52.922289999648449,47.638719999271395],[-52.924850000156049,47.618480000170273],[-52.922160000364805,47.598240000129671],[-52.914299999956704,47.578629999524175],[-52.907908680005164,47.569430072272439],[-52.901519999941293,47.560229999564847],[-52.892863385554833,47.551920273112991],[-52.884209999802351,47.543610000270199],[-52.873553285627438,47.536440500548025],[-52.862899999874962,47.52926999969749],[-52.85056338936112,47.523450727542937],[-52.838229999735354,47.517629999538762]]]},"properties":{"OBJECTID":52,"name":"St. John's Intl, NL [CZ] Class D SFC to 3000ft AGL","nameHtml":"St. John's Intl, NL [CZ]\u003cbr\u003eClass D\u003cbr\u003eSFC to 3000ft AGL","nameFr":"Aéroport international de Saint-Jean, Terre-Neuve-et-Labrador [CZ]  Classe D  SFC à 3 000 pieds AGL","nameFrHtml":"Aéroport international de Saint-Jean, Terre-Neuve-et-Labrador [CZ]\u003cbr\u003e Classe D\u003cbr\u003e SFC à 3 000 pieds AGL","reference":"Control Zone CDAH section: 3.7.6-7","referenceHtml":"Control Zone\u003cbr\u003eCDAH section: 3.7.6-7","referenceFr":"Zone de contrôle Section MEAD: 3.7.6-7 ","referenceFrHtml":"Zone de contrôle\u003cbr\u003eSection MEAD: 3.7.6-7\u003cbr\u003e","class":"D","type":"CZ","altLow":"0","altLowNum":0,"altLowRef":"AGL","altHigh":"3000AGL","altHighNum":3000,"altHighRef":"AGL","vlosRpas":"-1","Shape_Length":82052.197160235432,"Shape_Area":534397777.11689276}},{"type":"Feature","id":53,"geometry":{"type":"Polygon","coordinates":[[[-56.22396000021061,46.669160000118183],[-56.19943999994824,46.664660000729882],[-56.174160000188898,46.663149999804006],[-56.148880000819403,46.664660000041252],[-56.124370000536416,46.669159999473344],[-56.11286593332472,46.672835668532265],[-56.101359999406476,46.676509999782517],[-56.090956144442536,46.681495523021788],[-56.080549999089051,46.686479999858747],[-56.071561220140403,46.692630357049488],[-56.06256999929672,46.69877999970376],[-56.05527614743449,46.705905190704541],[-56.04797999937162,46.713030000407279],[-56.037200000307841,46.728800000481812],[-56.030580000093167,46.745610000066137],[-56.028320000171384,46.762959999985284],[-56.030490000122995,46.78030999997798],[-56.037029999907773,46.797139999809744],[-56.047739999819555,46.812930000759629],[-56.055023848443504,46.820070189764706],[-56.062309999852957,46.827209999542205],[-56.071293773599386,46.833375355536589],[-56.080280000275515,46.839539999525833],[-56.090698844846216,46.844545523189105],[-56.101119999335161,46.849550000362854],[-56.112654058434082,46.853235670637041],[-56.12419000053427,46.856920000231135],[-56.148789999783105,46.861430000329527],[-56.174159999669364,46.862950000380593],[-56.199530001216452,46.861429999527196],[-56.224130000309735,46.856919999970764],[-56.235665941290698,46.853235670537288],[-56.247199999270755,46.849550000423854],[-56.25762115459289,46.844545523034135],[-56.268039999996518,46.83953999915461],[-56.27703122735884,46.833375356056791],[-56.286020000426582,46.827210000016507],[-56.29330115071923,46.820070189050071],[-56.300579999806644,46.81292999961564],[-56.311299999586431,46.7971400003347],[-56.317829999932336,46.780309999866795],[-56.319999999405226,46.762959999796884],[-56.317739999372677,46.745610000538562],[-56.311120000067049,46.728799999642078],[-56.300349999583155,46.713030000255529],[-56.293048850470612,46.705905190977262],[-56.285749999132527,46.698779999638184],[-56.276758778597845,46.692630356750378],[-56.267769999958198,46.686479999326295],[-56.257368855056278,46.681495522422587],[-56.246969999443159,46.676510000204523],[-56.235464066473661,46.672835669065535],[-56.22396000021061,46.669160000118183]]]},"properties":{"OBJECTID":53,"name":"St-Pierre, France [CZ] Class D SFC to 2000ft (2000ft AAE)","nameHtml":"St-Pierre, France [CZ]\u003cbr\u003eClass D\u003cbr\u003eSFC to 2000ft (2000ft AAE)","nameFr":"Saint-Pierre, France [CZ]  Classe D  SFC à 2 000 pieds (2 000 pieds AAE)","nameFrHtml":"Saint-Pierre, France [CZ]\u003cbr\u003e Classe D\u003cbr\u003e SFC à 2 000 pieds (2 000 pieds AAE)","reference":"Control Zone CDAH section: 3.7.6-9","referenceHtml":"Control Zone\u003cbr\u003eCDAH section: 3.7.6-9","referenceFr":"Zone de contrôle Section MEAD: 3.7.6-9 ","referenceFrHtml":"Zone de contrôle\u003cbr\u003eSection MEAD: 3.7.6-9\u003cbr\u003e","class":"D","type":"CZ","altLow":"0","altLowNum":0,"altLowRef":"AGL","altHigh":"2000","altHighNum":2000,"altHighRef":"MSL","vlosRpas":"-1","Shape_Length":70534.149492872384,"Shape_Area":394896195.30573946}}]
}